"frozen","packaged"
"fit_risdr","fit_risdr_sparse"
"fit_risdr_dual","fit_risdr_dual"
"fit_risdr_realdata","fit_risdr_sparse_realdata"
"C1F","C1F"
"compute_penalty_weights","compute_penalty_weights"
"weighted_soft_threshold","weighted_soft_threshold"
"weighted_sparsify_directions","weighted_sparsify_directions"
"fit_sparse_grid","fit_sparse_grid"
"summarise_sparsity","summarise_sparsity"
"dual_pca_scores","dual_pca_scores"
"slice_response","slice_response"
"compute_ic_values","compute_ic_values"
"compute_ic","compute_ic"
"print.risdr","print.risdr_sparse"
"summary.risdr","summary.risdr_sparse"
"print.summary.risdr","print.summary.risdr_sparse"
"print.risdr_dual","print.risdr_dual"
"summary.risdr_dual","summary.risdr_dual"
"print.risdr_realdata","print.risdr_sparse_realdata"
"estimate_cov",".thesis_estimate_cov"
"compute_sdr",".thesis_compute_sdr"
"expand_penalty_weights",".thesis_expand_penalty_weights"
"prepare_survival_response",".thesis_prepare_survival_response"
"filter_low_variance",".thesis_filter_low_variance"
"c1f_variable_contributions",".thesis_c1f_variable_contributions"
".risdr_safe_normalise",".thesis_.risdr_safe_normalise"
".risdr_reduced_model_components",".thesis_.risdr_reduced_model_components"
"cov_diagnostics",".thesis_cov_diagnostics"
"cov_mec",".thesis_cov_mec"
"cov_oas",".thesis_cov_oas"
"cov_lw",".thesis_cov_lw"
"stabilize_cov",".thesis_stabilize_cov"
"compute_sir",".thesis_compute_sir"
"compute_save",".thesis_compute_save"
"compute_dr",".thesis_compute_dr"
"compute_phd",".thesis_compute_phd"
"check_cov_matrix",".thesis_check_cov_matrix"
"cov_condition_number",".thesis_cov_condition_number"
"cov_effective_rank",".thesis_cov_effective_rank"
"check_X",".thesis_check_X"
".risdr_mec_slice_covariances",".thesis_.risdr_mec_slice_covariances"
"stabilize_eigenfloor",".thesis_stabilize_eigenfloor"
"stabilize_ridge",".thesis_stabilize_ridge"
"stabilize_nearest_pd",".thesis_stabilize_nearest_pd"
".risdr_validate_kernel_response",".thesis_.risdr_validate_kernel_response"
".risdr_kernel_slice_labels",".thesis_.risdr_kernel_slice_labels"
"standardize_by_cov",".thesis_standardize_by_cov"
"decompose_kernel",".thesis_decompose_kernel"
".risdr_slice_covariance",".thesis_.risdr_slice_covariance"
"check_y_continuous",".thesis_check_y_continuous"
"check_missing",".thesis_check_missing"
"make_slices",".thesis_make_slices"
"matrix_inv_sqrt",".thesis_matrix_inv_sqrt"
"check_nslices",".thesis_check_nslices"
