path,sha256
DESCRIPTION,4505d56c4fa5415fb7fb9f084ae5174c1e46ca46046ce43d0e5263143fb27a24
R/check_inputs.R,12dc592081fd30374712f8f70c2f219c50d5512f8feef6367dd983b66ce117c7
R/covariance_estimators.R,3ecb071888b8b0ba472a2685e23fdfb972f1f22940f48c31d50402fc20b85b00
R/covariance_stabilisation.R,a61b768c7bbff99445cc732e820da3f830b9c6217a680ca51d7b6dfeadbea1fc
R/cross_validation.R,1e97ee772a4c18407ee6866e7526e66661b157f7a565053bb4e1044cb83bcd5c
R/dimension_selection.R,6871dfac6d9c6f0f14f1dfe634d2b65203fa1ebbd88e93a3c04dad86d1d53b88
R/dual_engine.R,b0911f020d3cd68b2a5cb314bf7b41a54db29ac1b3e8724e9180e8cf511ea2f0
R/fit_risdr.R,dec571da9b8a2f0df47bda121f40ba07becb49e4210cd53842db9f061322f326
R/imports.R,4ef740a0f3e2989ad659ec6f1e2948b6a74310b7ef632a093e44c3b2fe3ee3a9
R/ladle.R,ee7a0c3083da588f802a65a83e409e8b110e01473c12938637b27af57359114c
R/model_selection_survival.R,a79519643efe8685479b0904e6047a85bbedcc042962554b2e8de8ffd6b48aa7
R/plots.R,47488eef948695a4d0497aaed37025dab9f9a48ab9105cda46e2a9bd949eb7b4
R/prediction.R,8a0d32e9da4ba84b235fbaa993a07b62ad2fe5c178afbcb0ce32629b96fb8856
R/realdata_workflow.R,1ac4ade4863954ed66a386f4a3289140185983134d4c828a63f15472ed3e0457
R/sdr_kernels.R,ece558fcc1e0221bc5a6f6bea45ff365cfc5cc80723483027e920213b834daea
R/simulation.R,543fb5fe975489fc293eb14ca6232f1616a3913e41c1de5f113ce792c9f2434c
R/slicing.R,62228d0490bfe545d645a2c6d2269a0a00e10a37e4b20ade11f7d415d15f3cb3
R/sparse_sdr.R,ca0863ebe399a14c2028091decc92a4cb9752c5c7cbefcb65f4c5fdca1d09505
R/survival_slicing.R,b6489763e9fa4aeb6d7dc5c6410ba279fbdf455bd140f41da969479cd7e0a37c
tests/test-basic.R,c2d0497f58cf958525ef37ee00de8bfd241eb7ddeb080d145688aed1afcd13a6
tests/test-dual-selected-d-ranking.R,66aa6072662dab498766f939ba825ee7e53ee1fff20bbaee70038493240d7b01
tests/test-realdata-wrapper.R,d98d8234cd319ee0bdee5547f51ae35e76d55a150145d2ccbc9a6371f78615bd
tests/test-survival-unified-core.R,fb67296ab79a6fe539e571575ac179a2503d3da54a5e48746e1f633452594315
