"ECO","BDH","MKP","MHP","MPE","PAR","SPI","TBN","TKP","PAE","PHL","RLI","SHI","BER","ECS","FCL","TCG","FLI","FSH","FSS","FCD","BTZ","BTO","RMS","APO","OEB","OEC","NXA","SDA","AGR","SNM","PSU","PRS","RCY","WRS","WWG","WWC","WWT","WWR","HLT","AIR","HPE","HFD","OZD","NOD","SOE","COE","VOE","H2O","USD","UWD","HMT","LED","WMG","WPC","SMW","WRR","PCC","CCH","CDA","CDF","CHA","FGA","NDA","BCA","LUF","GTI","GTP","GHN","CBP"
21.5,25.2,1.9,12.5,50,0.3,0.6,0.3,0.6,79.5,80.9,75.8,67.5,35.4,68.3,65.2,39.9,45.9,87.6,64.1,71.3,81.9,82.7,45.2,5.2,19.4,39.9,0,0,45,35.3,100,60.6,40.2,11.2,89.7,0,0,0,17.6,16.9,22.8,1.7,7.5,32.6,63.5,51,36.5,25.5,22.8,24.4,0,0,25.2,60.6,0,2.4,13.7,13.7,0,0,4.2,36.8,9.3,1.2,42.2,0.7,8.1,17.9,97.7
50.9,50.6,21.2,24.4,100,46.4,54.4,55.5,55.9,65.2,63.4,70.5,77.2,28.2,58.4,65,36.5,67.5,13.7,55.5,24.2,9,5.6,100,80.3,25.8,23.3,100,100,48.4,20.3,35.7,67,68.6,23.5,64.8,19,10.9,33.4,39.9,31.7,32.8,21.1,43.6,35.4,39,59.6,48.9,67.2,67.4,65.1,52.9,53.7,16.4,35.6,0,5.3,44.1,44.1,37.8,47.5,82.4,36.8,72.3,65.5,49.7,43.3,44,32.7,87.6
39.3,33.1,0,0,50,6.1,73.2,4.2,5.9,20.3,58.8,74.3,76.3,54.1,64.5,70.7,53.3,68.2,53.1,85.6,40.8,44.8,45.3,20.8,49.7,25.8,12,7.1,100,42.9,35,100,76.7,39.8,53.1,62.7,65,41.7,41.7,48.1,47.3,46.8,55.7,30.5,30.9,36.5,54,33.2,61,62.8,57.7,29.9,28.6,34.3,44.6,61.6,10.3,29.3,29.3,34.8,21.3,48,34.3,9.4,3.8,49.3,29.8,32.1,7.7,51.5
36.6,42.3,0,0,100,35.6,37.1,34.1,74.7,82.1,89.8,77.8,82.7,58.1,50.8,58.1,27.9,83.5,38.8,21,48.1,27.2,38.5,59.3,13.5,69.5,87.5,0,0,39.3,33,81.6,97,24,15.8,86.5,7.6,4.3,4.3,19.8,18.7,14.4,9.8,24.4,34.8,63.7,37.5,4.3,16.9,12.5,12.3,33.1,31.1,26.1,64.1,0,1.1,35.2,35.2,26.4,78.8,55.5,36.8,49.2,5.8,47.9,38.3,42.5,15.3,88.5
52.4,52.2,74.7,33.1,50,56.8,19.6,51.5,72.9,28.3,90,67.3,76.3,83.7,35.4,70.6,30.2,46.1,97.6,81.5,58.7,100,100,51.3,64.6,40,44.4,39.5,76.3,30.2,5.2,40.2,29.4,54.1,48.3,56.5,50.8,44.4,44.4,65.6,72.6,93.9,58,100,41.1,63,82.6,87.3,54.6,53.4,55.5,49.4,49.7,35.6,39,100,0,47.1,47.1,42.1,22.8,67.9,30.6,52.1,57.2,50.3,39.1,36.8,51.5,54
41.2,31.7,13.4,9.5,77.9,14.9,30.9,26.2,39.8,37.6,71.6,54.4,64.3,25.6,35.6,21.4,0,72.2,52,77.5,53.4,12.8,15.8,49.9,57,80.1,94.4,36.7,62,84.1,82.6,100,37.3,80.8,46.8,32.8,55,55,11.8,52.9,48.7,47.9,49.8,49,12.1,65.6,66.4,14.2,64.6,63.3,61.4,71.9,70.6,26.6,32.5,56.1,6,47.1,47.1,41.8,30.7,87.6,42.6,58.4,41.7,45.1,44.9,39.9,7.4,53
47.1,48.6,46.4,20,50,14.4,38.7,77.2,39.5,49.8,71.5,49.9,89.8,47.5,80.3,88.8,58.2,54.2,92.5,36.8,75,79.5,85.7,64.6,38.7,40.9,45.3,41.2,50.8,56.6,29.7,100,66.3,59.9,30.3,0,38,38,14.6,39.5,29,22.9,29.9,27.2,29.6,35.6,58.4,47.1,72.2,62.4,69.8,54.6,51.9,23.5,54.3,0,4.5,39.3,39.3,37.3,38.9,60.3,36.7,6.7,36,43.3,35.1,36,31.8,69.2
59.9,50.5,36.5,30.1,71.1,50.9,53.5,54.7,47.3,89.1,92.2,48,81,29.3,60.2,64.7,44.9,72.2,48.5,29.4,45.4,46.3,49,77.6,87.4,79,86.2,91.2,79.7,53.8,52.9,53.4,57.5,58.9,87,26.2,100,92.4,92.9,81.1,78.8,90,82.1,85.5,19.2,33.3,77.5,16.8,94.9,92,91.8,84.3,82.1,45.4,25.2,90.2,43.1,39.1,39.1,47.8,20.1,44.6,39.8,39.7,41.7,47.7,38,20.4,2.7,43.5
77.9,74.6,61.1,45.8,44.7,86.4,78.9,85.9,70.5,76.7,57.9,62.6,71.6,47.3,58.9,66.7,38.7,35.6,46.7,22.5,32.9,39.5,37.1,56.3,93.1,56.3,65.5,100,100,68.9,64.6,41,75.3,71.5,85.7,0,100,95.2,100,66.2,56.3,30.8,84.7,41.6,20.6,54.2,51.7,50.8,91.9,83.6,91.8,85.4,83.6,67.2,23.8,97.9,95.2,57.3,57.3,62.1,50.8,72.7,47.1,55.2,100,51.5,57.4,47.6,23.2,61.5
45.1,36.1,0.8,20,50,7.2,42.1,31.3,38,55.2,31,80.8,83.9,11.9,79.5,92.1,50.7,65.4,92.5,82.3,82.2,37.2,42.1,49,77.1,45,56.4,70.5,100,62.7,45.8,100,80.7,55.3,24.3,43,18.9,18.9,38.1,39.1,37.1,36.3,28.1,41.2,36.3,35.5,60.9,40.3,45.6,41.1,45.7,43.3,41.5,31.2,47.7,22.7,18.9,36.1,36.1,52.8,50.5,0,23,24,28.3,48.4,36.9,36.6,18.9,48.4
54.1,46.6,25.1,17.4,50,80.1,21.6,79.3,46.2,100,100,8.1,99.4,78.4,78.5,70.8,43.2,62,91.5,64.7,100,100,100,46.9,70,20.2,13.6,63.9,80,50.8,37.8,29.7,23.6,73.3,60.9,28.6,68.9,63,63,67.7,74.5,99,63.3,55.9,21.8,62.3,78,79.5,62,65.9,58.7,53.8,53.7,8.7,18.8,0,2.9,42.7,42.7,45.9,32.6,33.9,36.8,38.3,70.5,50,43.6,38.4,41.9,61.3
44.3,26.6,67.3,44.3,50,42.5,3.7,8.7,0,72.9,98.6,21.7,83.6,37.4,65.4,70.7,53.7,63.8,66.4,56.4,27,100,65.5,18.7,73.3,0,0,76,66.4,38,8.2,45.3,61.1,57.2,80.6,20.4,88,98.6,64.9,40.7,33,9.5,65.4,13.9,5.8,11,45.5,27,67.3,67.8,64.2,50.1,42.8,20,0,100,0,23.4,23.4,27.7,0,12.9,48.3,28.5,100,100,10.2,0,16,3.8
27.6,20.7,21,4.8,62.5,0,19.8,13.1,12.1,1.4,51,25.4,89.8,0,61.9,65.4,75,53.9,62.4,98.2,60.3,69.8,71.2,43.2,11.9,33.1,41.5,18.8,0,71.1,52.9,50.6,74.2,85.3,14.8,48,2.9,19.9,2,14.1,5.9,0,4.4,1.1,38.5,21.6,5.1,16.8,29.1,26.7,28.6,28,26.2,51.5,96.5,58.6,3,32.8,32.8,24.7,63.7,31.3,36.7,23.1,36.4,48.7,30.3,33.3,8.3,87.1
33.5,11.5,0,0,50,28.5,1,1.6,1.7,28.3,90,58.9,81,9.3,42.5,36.6,60.1,5,77.9,11.8,86.4,100,100,48.6,67.8,48.5,54.7,41,73.1,48.7,61.6,23.8,0,71,49,33.8,55.1,48.2,48.2,76.7,85.1,100,75.9,100,21.2,87.1,83,94.1,58.7,59.6,58.2,67.2,67.1,42.9,32.6,100,24.7,50.5,50.5,47.3,38.1,61,36.6,42.4,55.1,54.6,40.5,39.8,44,82.3
60.1,54.1,61.1,31,50,36.2,13.4,45.4,93.7,23.9,72.3,88.9,87.1,5.7,63.5,61.6,80.6,36.2,81.1,58,40.5,44,56.7,54.9,79.8,56.1,65,56,100,49,30.2,33.2,70.7,56.7,64.9,23.6,78.5,65.8,62.8,51.3,44.9,26.1,50.6,48.7,20.6,47.7,61.6,63.6,76.1,72.5,77.2,54.6,51.8,29.1,25.5,70.8,11.9,32.1,32.1,47,29.9,32.8,2,0,10.3,49.7,26.8,24,12.8,50.5
60.8,53,45.5,80,52.1,70.4,38.7,28.8,28,3,70.8,93.8,44.4,6.6,48.8,47.8,48.5,13.9,7.8,9.5,15.2,0,0,44.5,95.4,68.1,80.8,100,100,68.9,44.7,27.6,62.1,99.6,79.9,29.3,95.2,81.9,78.2,67.3,59.3,30.4,88.2,44.6,12.7,43.1,49.9,63.4,90,87.2,89.8,78.1,75.1,70,31.9,96.6,94.9,59,59,70,59.9,63.3,28.6,39.6,100,48.8,59,48.1,23,64.7
55.9,57,25.9,36.1,50,100,90.3,94.6,39.8,89.5,99.4,31.7,3.2,59.9,42,28.9,8.1,60.5,86.3,43.6,40.4,75.1,99.7,61.4,66,63.3,71,31.2,74.9,55.8,66.8,41,39.2,68.1,38.1,50.9,43.2,31,31,41.8,40,43.6,24.5,49.6,45.7,81.2,68.8,21,47.8,48.2,47.2,53.9,53.7,19.6,44.9,5.2,1.4,36.5,36.5,42.6,55.9,2.7,44.1,0,35.4,47.6,27.1,29.4,44.7,63.8
52.4,64,8.6,0,100,62.6,75.5,86.1,91.7,36.3,79.3,70.7,82.5,18.9,54.4,19,14.4,58.4,87.8,51.2,100,72.7,97.4,42.4,27.4,66.5,71.7,0,17.6,50.1,41.3,100,79,42.3,12.4,97.9,0.4,0,0,23.8,23.1,46.8,4.7,35.8,50.1,62.4,42.2,25.8,15.4,12.9,14.3,38.3,37.6,48.1,100,40.6,0,30.5,30.5,23.2,58.5,17.3,36.8,37.7,18.5,0,23.4,30,26.7,82.1
56.7,66.6,59.7,22.7,50,40.9,68.2,80.2,77.8,100,99,42.3,97.1,48.3,87.8,87,52.5,88.4,87.8,88.6,71.3,86.1,81,43.6,25.4,32,46.4,54.8,15.4,50.5,39.8,100,85.7,34.2,24.9,64.9,25.5,14.4,14.4,19,13.2,1.1,14.6,3.3,64.4,42.9,18.3,10.5,30.6,22.5,31.1,31.5,30.6,33.7,62.3,32.4,5.7,19.6,19.6,3.8,0,35.7,36.7,37.1,20.4,48.3,23,25.1,39.6,64.8
59.4,67.5,25.9,22.7,50,73.3,69.1,85,66.5,46.1,95.5,53.2,64.6,48.6,53.2,44.4,21.9,84.7,84.9,43.6,53.2,75.1,95.3,61.6,61,100,100,27.6,57.4,62.3,49.5,82,52.8,63.9,25.2,66.7,26.4,14,14,29.9,24.9,23,16,59.1,19.5,95.3,63.2,0,42.1,37.9,41.1,44.5,43.3,24.8,49.7,12.6,5.9,25.8,25.8,29.6,33.7,24.9,10,32.7,22.7,48.7,22.2,29.5,17.2,62.1
49.6,43.8,14.5,31,50,55.1,19.2,11.2,53,76.1,75,64.6,81.6,38.8,76.3,89.9,53.7,59.9,92.5,36.8,82.2,100,100,80,77.3,28.6,57.2,55,50.7,31.8,21,46.8,63,22.9,21.5,42.8,29.6,2.9,31.3,32.5,19.1,8.6,20.4,39.9,37.3,25.7,56.7,36.8,74.4,72.6,74.7,48.7,48.4,17.7,37.2,14.1,0,41.8,41.8,32.1,8.8,39.2,100,6,17.3,50.2,22.6,25.7,21.9,57.7
68.8,85.6,7.5,12.5,50,84.1,93.7,87.4,78.8,46.2,54.5,92.3,95,48.8,50.4,45.6,20.4,65.4,56.3,36.8,71.3,72.7,75.2,54.2,52.5,65.6,71.3,43.6,100,33.7,1,56.1,97.6,38.5,42.2,53.3,46.7,36,36,27.3,29,28.8,19,30.1,55.2,45.3,66.2,13.5,18.3,15.8,18,33.3,30.4,31.4,53.8,49,0.3,44.1,44.1,38.6,35.1,0,36.6,0,31.6,0,6.4,6.6,22.4,27.5
58.3,58.3,47.4,26.7,100,100,66.7,75.7,56.7,68.5,94,63.8,22.8,30.2,55.4,47.8,20.3,75.1,48.1,58,18.3,59,61,46.7,60.3,100,100,43.7,76.3,80.1,81.3,34.4,42.8,88.5,48.2,15.1,63,46.9,40.8,40.9,36.4,44.5,29.4,50.4,10.8,42.8,62.8,16.5,53.3,47.9,50.8,55.6,52.4,26.2,35.3,57.8,1.4,32.9,32.9,33.1,32.4,45.3,12,35.1,34.1,47.1,34.5,33.5,0,64.3
51,49,0,0.6,50,20.8,89.6,100,44.5,100,99.9,52.8,65.8,94.3,54,52.3,47.1,75.8,44.3,31.5,37,24.8,31.7,28.8,64.6,83.2,79.7,68.2,0,20,0,12.7,16.1,20.1,66,27.3,76.1,68.1,68.1,62.1,57.3,71.4,71.3,70,38.1,56,45,0,84.1,83.6,83.8,61,61.7,35,34.9,100,2.5,43,43,31.1,0,46.4,36.8,31.1,20.1,47.5,28.6,4.9,27.4,1.6
70.6,69.5,86.7,0,6.5,48.7,91.3,99.9,98.6,74.4,0,80.5,84.8,22.5,71.9,82,57,61,19.1,45.8,57.2,12.1,16.5,50,92.7,47.3,58,100,100,71.5,56.1,71.2,85.7,62.2,64.8,39.4,86.8,54.6,54.6,40.7,30,18.6,30.2,40.3,37.1,11.4,54.5,41,76.8,86.1,73.1,37.5,36.5,47.7,33.6,99.9,35.6,51.7,51.7,56.3,41.7,76,0,53.9,80.5,51.6,50.4,47.7,24.3,56.3
59.8,72.3,7.5,20,50,50.7,83.3,54.1,88.8,17.2,85,95.5,79.2,0,53.2,47.4,21.9,57.3,56.3,51.2,71.3,65.7,69.3,49.2,47.8,73.2,90.1,5.2,55.6,66.5,45.8,100,93.9,73.6,14.8,100,3.4,2,2,30.9,37.4,79.1,4.7,48.5,46.7,77.8,52.6,19.7,12.5,9.8,10.8,23.1,23.5,27.4,66.4,1.8,1.2,25,25,6.8,61.2,23.3,36.7,31.6,44.1,0,18.5,34.9,21.7,81.5
53.6,51.1,59.7,20,50,28.3,34.6,26.4,89.4,38.5,95.7,67.6,88,0.4,68.3,65.2,39.9,44.4,72.2,83.9,86.3,22.4,65.6,43.4,82.7,72.6,84.5,57.4,69.4,46.2,40.9,100,84.8,12.3,13.8,97.2,4.5,0,0,12.7,9.4,0,3.8,40.1,53.9,32.9,20.1,17.5,14.2,11.6,12.7,31.6,30.7,24,59,0,0.9,25.1,25.1,12.9,100,3.3,36.7,0,42,44.3,13.3,34.2,32.3,99.7
26.3,18.5,0.1,0,100,3.1,0.4,9.6,1.3,0,91.3,69.3,89.8,75.5,77.4,76.3,43.2,72.3,80.6,93.5,48.2,100,100,63.6,38.5,15.5,78.4,4.1,60.5,26.7,11.4,46.9,33.1,36.1,27.4,90.4,20.9,16.5,16.5,54.2,62.7,100,17.8,62.8,79.4,85,77.5,94.1,32.9,29.4,32.7,52.2,51.9,20.2,49.4,0,1.2,45,45,41.4,77,34.6,0,39.8,48.9,42.9,38.9,40,49,89.7
36.8,37.5,27.8,13.8,50,66.7,58.4,46.5,22.4,4.4,86.1,39.7,0,36.3,25.6,0,0,63.3,33.7,33.6,88.8,15.5,15.4,78.3,46.7,64.1,73.2,31,56.1,62,48.8,71.5,65.7,66.7,13.4,77.8,9.9,0,0,24.3,19.5,17,4.4,34.3,41,45.1,39.7,9,35.7,31,33.3,30.9,30.3,36.3,85.7,0,5.1,28.8,28.8,9.4,9.6,30.6,36.8,28.5,30.9,47.3,23.4,34.1,21,60.7
46.4,46.2,4.8,53.8,50,30.9,30,31.5,67.7,62.3,89.1,49.8,64.9,52.2,67.5,72.1,41.4,80,72.2,72.7,85.2,56.8,75,32.8,44.2,86.7,88.5,33.5,25.9,48.4,39.2,100,56.3,47,12.7,100,0.6,0,0,17.2,15.2,17.3,5,37.7,59.7,49,41.5,2.5,18,14,15.3,27.8,26.6,26.8,65.5,2.6,0.2,38.6,38.6,31.6,100,51.8,58.7,62.3,54.7,48.9,40.1,46.9,23.3,88.2
57.5,49,11.2,15.7,41.2,40.3,66.8,30.5,40.1,89.8,99,89.8,74.3,98.3,42.5,67.3,36.2,89.9,31.7,4.7,64.6,31.1,35.9,53.2,89.5,22.2,43,100,100,72.5,54.1,77,41.5,96.1,77.7,6.9,98.2,84,68,73.8,68.6,62.5,92.5,50.1,4.6,37.1,55.9,57.3,89.2,79.9,90.3,97.8,96.5,36,17.6,96,24.4,44.3,44.3,51.7,26,60.1,43.7,38,100,49.7,45.2,29.3,3.2,45.2
60.6,69.3,34.2,22.7,50,37,59.4,59.5,94.5,87.5,99.4,79.5,92.1,69,77.7,79.5,43.4,92.7,72.2,54.1,71.3,27.2,75,54.2,63.3,95.1,100,38.5,70.8,38.3,15.8,68.7,94.6,34.8,12.5,100,0,0,0,12.5,13.4,13.4,0.3,13.3,56.6,79.5,32.2,0,6.1,5.4,5.8,16.7,16.2,20.7,50.9,0,0.9,45.6,45.6,71.5,100,50.7,36.8,60.3,56.5,49.8,2.4,49.5,29.8,75.1
52.7,62,58.6,20,50,29.8,68.8,61.5,72,4.4,87,72.3,86.5,34.5,58,65.2,31.9,71.7,73.2,53.9,86.3,22.4,65.6,45,56.6,44.6,99,27.6,62.6,41.1,30.7,100,60.4,37.8,12.5,99.9,0,0,0,23.6,30,56.6,3.1,34.6,63.8,84.9,49.8,0,2,0.9,1.1,19.4,18.5,31.2,77.1,0,1,14.2,14.2,15.8,100,5.6,36.7,8.6,44.8,0,0,24,15.6,39.7
53.7,39.7,13.4,17.4,100,34.6,30.4,48.7,60.5,64.8,95.6,30,69.9,100,50.6,51.9,49.6,73.5,82.7,31,85.5,100,96.5,57.7,75.7,74.2,93.3,32.2,100,69.1,39.7,30.7,60.6,91,85.4,0,99.9,99.9,84,45.3,31.8,21,40.4,55.6,12,0,25.2,25.8,75.4,70.5,75.9,92.2,90.8,31.9,34,90.7,0.4,37,37,36.5,21.8,55.5,0,45.3,14,49.3,34.3,30.2,12.3,54.8
34.2,11.3,24,2.4,56.2,0,2.5,1.6,2.3,4.4,0,20,45.6,36,69.7,64.1,54.8,71.4,40.5,59,76.6,29.6,28.7,46.3,73.6,0,45.2,40.9,100,64.8,50.1,25,71.2,77.7,48.2,42.6,49,49,49,26.5,11.3,0,16.2,0.9,23.8,0,2.5,28,69.7,63.4,68.5,39.1,36.6,44.7,61.8,89.5,5.1,26,26,21,0,22.9,10.8,42.6,54.6,50.1,3.4,7.8,0,39.3
53.5,56,97.1,40.9,100,67.6,45.1,49.2,80,64,97.1,17.6,49.1,50.9,73,62.4,39,82.6,51.6,8.1,63.8,52.6,66.1,51.9,42.5,100,100,38.6,39.6,57.1,52.5,25.8,40.1,64.9,28.4,60.3,31.8,20.2,11.3,43.9,37.7,38.5,31.4,66.7,19.2,57,51.7,11.9,59.8,59.6,57.5,65.6,62.6,27,30.3,56.8,8.8,34.2,34.2,30.7,32.7,42.1,36.4,55,0.8,48.9,35,35.1,9,65.8
49.6,53.1,70.1,23.3,50,24.6,43.3,100,41.1,100,99.6,23.4,72.2,65.5,46.1,57,41.3,77.9,74.9,100,100,100,100,52.6,55.7,65,93.4,48.2,61.7,49.7,42.3,100,77.8,40.7,11.5,83.9,2.8,0,0,43.5,50.8,71.8,5.6,88.2,85.5,85.2,81.8,82.4,23.2,21.2,23.6,39.9,39.2,28,69.1,0,1,36.5,36.5,42.3,100,18.2,36.8,33.5,47.7,49.9,32.6,36.7,48.6,86.1
63.3,65.2,86,34.1,42.8,99.9,58.6,84.5,54.6,60.9,97.2,51.7,52.3,52,77,57.5,38.1,46.4,41.9,19,9.4,57.9,51.4,50,72.8,66.8,75.5,51.1,40.6,52.8,49.7,32.2,35,76.7,38.9,20.5,84.2,7.6,15.2,51.8,48,55,39.4,65.9,19.6,50.1,67.5,20.6,63.9,66.1,60,64.6,61.7,31.2,42.9,63.6,3.2,46.1,46.1,46.4,68.3,30.9,36.7,24.6,45.8,49.7,42.3,41.4,28.9,78.4
39.2,49.6,15.9,2.4,100,37.1,48.1,76.2,94,68.3,96.2,70.8,0,22.1,20.8,32.2,15.3,36.5,49.3,51.2,68.8,17.7,73.9,49.4,27.2,76.5,87.5,24.4,63.6,44.9,34.4,100,51.9,49.8,13.6,90.2,6.1,0,0,30.1,34,73.8,4.5,53.3,42.6,69.1,49.8,17.4,18,16.1,17.6,30.2,29.9,23.7,57,1.5,1.5,33.4,33.4,43.8,100,27.2,36.8,38.3,11.8,45.5,37.1,40.2,23.4,92.5
69.6,69.4,66.7,32.8,100,55.8,81.3,100,95,63.2,52.5,65.1,83.9,28.8,68.5,80.9,48.7,49,59.3,60,46.3,45.3,47.8,37.1,73.7,39.7,59.4,100,100,64,53.5,37.7,78.8,53.2,74.5,37.3,98.3,81,20.6,47.4,35.6,23.2,47.3,37.7,33.4,35.3,50.7,38.2,82.3,91.3,83.3,64.7,62.9,39.1,31.6,96.8,17.8,47.5,47.5,54.6,48.5,51,30.5,58.3,89.5,52.1,53.1,49.4,29.6,68.1
52.4,46.7,80.8,33.9,50,40.8,39.2,41.7,71.9,98.1,97.1,0,67.3,18.8,80.9,64.6,49.2,53.6,83.6,33.1,98.9,86.4,87.9,69.1,62.7,29.5,38,84.5,68.5,50.5,41.8,63.4,43.8,55.2,22.8,6.6,16.8,33.7,24.6,50.5,50.7,62.9,39.6,46.8,20.9,54,72.4,43.6,56.7,56,55.5,47.7,47.8,22.1,21.1,48.6,9.9,46.1,46.1,42.6,54.4,42.3,36.8,53.2,100,51,38.8,40,20.1,90.1
55.1,48.3,7.8,16,100,37.6,49.4,100,56.6,25.2,37.1,73.3,69,54.2,75.8,83.7,55.3,74.5,41.5,8.9,31.8,40.7,98.6,94.2,79.6,0,0,100,100,39.1,13.7,28.9,55.3,57.6,69.9,61,82.7,62.5,62.5,62.1,56.9,42.9,83.6,27.9,19.6,29.9,62,36.8,85.2,85.3,84.2,64.7,61.8,31.7,19.9,85.4,16.6,45.9,45.9,54.6,43.9,0,15.7,59.6,100,57.8,49.2,44.9,36,55.6
79,78.7,82.1,42.9,50,63.2,94.9,64.3,96.7,65.7,31.2,91.1,75.4,17.1,49.4,57.8,38.6,17.1,58.4,43.2,40.5,73.8,33.8,64.3,93.4,62.8,70.3,100,100,74.7,60.3,96.1,74.5,67.6,76.1,27.3,80.8,80.8,96.8,54.6,44.1,21.1,63.9,43.7,21.9,33.6,48.5,54.1,80.1,92.5,77,79.8,76.6,55.5,38.9,100,49.9,53,53,61.8,44.9,57.2,0,52.3,69.3,54.9,53.8,44.7,20.1,59.5
49.2,53.3,4.8,59.6,50,33.9,51.1,41.6,66.6,74.9,97.6,62.1,61.1,70.8,57,55.7,32.2,75.6,73.2,59.3,100,19.9,100,41.5,50.6,100,100,39.5,38.3,39.4,37.7,100,64.8,26.9,12.5,100,0,0,0,12.6,8.1,0,3.7,26.5,48,27.3,24.8,0,18.7,13,14.3,30,30.1,23.9,58.2,1,1,29.5,29.5,29.3,100,20.3,36.8,57.7,42.4,47.9,23.3,41.8,17.3,98.3
63.4,53.3,28.9,17.3,20.2,41.5,74.9,48,52.2,24.9,67.4,93.6,90.1,0,56,49.9,87,4.3,49.6,9.5,68.8,34.7,24.5,57.9,90.9,39.2,42.7,100,100,80.6,65.9,44.6,75,96.8,82.6,20.4,99.6,90.8,69.3,74.1,67.2,54.3,91.6,37.5,26.1,59.1,62.9,78,90.3,89.4,89.9,97.4,94,64.4,12.3,100,98.8,69.9,69.9,63.3,59.6,60.3,54.3,57.5,72.2,47.6,63.1,53.1,37.6,83.7
25.2,19.1,0,0,82,0,6.8,4.4,2.1,100,100,46.7,89.8,13,50.7,57,41.3,77.9,95.9,79.3,100,45.2,100,13.5,18.7,34.4,66.2,17.1,17.7,58.4,49.9,23.9,68.9,63.6,16.3,74.1,14.5,3.2,3.2,27.2,28,29.1,14.6,49.2,33.2,60.5,67.1,56.3,21,17.7,19.4,35.1,33.5,29.1,71.6,0,1.1,47.9,47.9,51.4,100,37.1,38.4,46.2,48.6,43.9,43,46.5,44.4,88.9
42.9,27.8,0,3.2,50,44.5,24.7,70.4,43,52.2,95.7,4.8,66.4,100,79.4,83.5,43.2,10,39.6,53.9,18.2,100,0,45.9,75.6,44,44.4,49,91.5,40.9,35.5,57.6,19.8,56.4,44.5,50.2,49.9,39.1,39.1,56,59.8,84.1,29.5,86.3,48.8,80,82.3,78,50.2,51.3,49.7,45.8,45.3,39.6,43.9,100,5,52.8,52.8,45.3,55.1,40.7,100,46.7,66.4,50.1,42.1,42.6,58.8,79.1
58.9,58.8,82.6,43.5,72.3,56.8,51.6,68.9,95.3,34.6,91,15.5,76.3,38.9,54.6,42.2,37.3,41.8,95.2,80.8,100,100,100,54.6,68,50.3,56.3,72.5,79.5,74.5,65.1,46.3,49.9,82.5,20.9,24.4,20.9,23.4,9.7,41,44,56.1,29.4,58.4,17.6,54,63.9,31.6,39.5,35,35.2,30.5,30.9,18.3,35,7.1,7.1,40.3,40.3,41.4,48.5,20.2,36.8,34,57.2,50.7,35.9,35.8,21,67
51.3,50.2,84.2,64.4,94.1,50.1,33.8,54.8,47.3,73.3,96,0,58.2,58,74.8,61.6,42.5,76.4,65.4,0,64.8,72.6,80.8,48.6,41.5,100,92.5,31.8,33.9,51.1,37.5,46.5,39,50.2,37,37.5,48.9,25,36.8,43.2,37.7,33,33.1,79.8,15.9,68.3,55.2,16.1,57.1,52.7,54.8,59.5,53.8,36.4,47.5,58.9,14,34.6,34.6,36.5,37.6,35.6,36.8,32.8,29,48.7,32.6,33.7,16.1,77.4
46.6,48.4,30.2,27.5,87.5,22.5,41.7,42.7,44.6,82.8,98.7,75.4,92.7,68,60.2,53.3,49.9,66.1,30.1,58.6,36.6,29.1,26.8,36.9,35.8,0,14.8,35,45.5,51.1,57.5,100,49.2,39.9,55.9,18.8,91.8,32.1,56.7,29.4,27.8,6.4,47.8,22.4,17.7,6.2,30.1,39.3,47.4,41.7,46.8,0,0,25.2,53,6.8,6.5,39.7,39.7,36.2,36.4,44.3,36.7,34.7,0.8,19.5,33.2,34.7,5.2,71.7
45.9,36.1,13.4,38.9,50,35,18.1,23.5,45.5,77.9,85.2,41,81.9,17.8,68.1,59.3,41.8,40.2,24.8,0,28.8,21.3,30,53.7,91.5,54.9,57.7,94.8,94.1,56.5,49.8,49.9,56.1,76.3,21.5,50,37.4,2.5,2.5,28.2,21.4,8.5,21.4,53.2,22.5,33.9,47.8,3.8,47,43.4,46.3,38.9,42.7,29.2,45,53.1,1.4,61.1,61.1,51,85.6,94.1,36.9,53.3,69,49.4,53.6,54.7,35.5,85.3
53.3,48.7,3.5,25.3,100,33.3,70.1,59.2,100,85.7,97.3,40,66.7,68.6,61.2,64.3,42.5,80,45,39.7,85.4,32,52.2,63.3,90.1,74.1,86.5,81.1,100,41.5,32.3,100,54.8,39.4,35.2,52.8,34.8,31.1,31.1,34,33.8,19.2,36.2,56.8,90.7,65.8,57.7,18.7,32.7,28.8,28.6,42.6,41.4,26.4,64.7,0,1.4,42.1,42.1,42,38.8,41.5,36.8,29.5,100,49,35.5,26.7,26.9,69.9
27.8,18.2,0,0,70.8,3.1,0,0,0,0,65.5,68.7,95.9,15.8,50.7,43.7,32.1,48,63.1,0,100,9.4,100,49.3,64.6,35.4,57.7,58.1,96.3,33.9,19.3,75.9,95.9,15.1,9.5,76.2,0,0,0,23.6,26.1,37.9,4.5,29.4,46,67.6,60,20.2,13.6,11,12.2,28.3,26.6,21.3,52.2,0,1,36.6,36.6,55.6,100,35.3,36.8,40.1,30.5,0,22.9,45,35,84.8
75.7,77.1,94.9,82.6,79.5,48.4,79.6,61.3,95.6,88.2,92,95.2,65.5,16.3,39.4,44.9,35.8,30.3,69.9,80.1,55.6,90.8,74.1,68.4,87.6,42.3,44.5,83.5,100,71.1,38.5,51.3,70.7,69.8,71.8,25.2,88,83,36,62.2,57.1,58.8,47.5,68.4,23.9,34.7,57.8,64.4,78.1,75.1,78.4,66,63.4,62.6,35.8,87.4,77.1,37.3,37.3,45.9,25.4,27.3,27.9,40.3,30.4,50.3,33.5,23.7,25.1,99.1
40.3,29.7,0.8,20,50,35.2,15.2,13.5,26.6,79.5,98.1,39.6,31.9,31.5,41.1,32.1,34.9,41.3,87.6,65.3,98.6,56.8,97.2,32.8,83.2,70.4,82.3,100,89.4,52.3,33.3,100,71.5,64.6,15.9,65.7,11.9,6.4,6.4,21.1,22.7,26.7,7.7,35.9,53.3,35.8,43.4,19.9,14.9,11.5,12.4,21.9,18.7,22.8,55.8,0,1.2,60.1,60.1,40.8,72.1,100,36,41,41.9,49.8,49.9,52.6,43.6,85.2
43.3,44,5.5,20,50,31.2,45.2,41.5,27.7,30.4,8.8,50.4,94.2,17.7,58,65.2,31.9,71.7,73.2,65.3,85.2,56.8,65.6,32.8,44.8,79.4,84.5,30.4,34.4,52.8,41,90.2,65.6,40.6,13.2,100,2,0,0,23.8,24.4,30.6,5.5,45.4,59.7,70.3,36,14.1,15,12.3,13.8,34.5,31.6,36.1,89.2,0,1,22.8,22.8,23.2,100,9.6,36.8,6.9,35.3,43.4,11.3,28.6,9.4,84.5
40,18.6,4.3,16.8,50,0,7.5,8.1,5.5,59,99.3,5.7,89.2,77.2,79.2,80.3,40.8,83.7,76.4,53.9,41.7,100,100,48.9,81.8,78.7,92.8,100,100,62.6,71.9,58.6,27.3,73,42.4,47.9,49.1,36,36,54.8,60.9,100,11.1,77.2,89.7,63,95.5,46.2,34,33.4,32.5,60.1,59,45.2,58.5,100,4.4,55.6,55.6,60.5,100,47,36.8,68.6,56.8,49.7,52.6,53.4,45.5,86.2
69.8,62.1,64.7,44.4,79.6,27.4,64.1,34.6,83.9,100,100,97,67.3,58.4,61.1,45.9,41.3,50.9,89.6,88.6,94.2,94.4,100,59.4,92.1,36.4,49.6,100,100,68.5,43.8,51.6,60.6,94.5,82.1,32.4,99.9,84,72.6,83.7,78.3,73.4,91.8,62.5,20.1,64,62.7,71.3,98.9,93.6,97.1,99.1,97.5,69.5,27.1,100,96.7,61.3,61.3,62.7,52.5,80.4,41.2,57.3,63.5,49.4,58.2,45.6,28.1,87.5
67.7,60.1,47.4,57.4,39.3,71.5,67.6,68.8,56.8,45.3,0,59.6,79.2,21.2,64,66.3,49.3,43.5,45.7,23,31.5,42.6,37.8,53.6,93.3,61.4,55.9,100,100,77.1,65,65.2,56.6,95.1,82.5,33.8,100,82,80.3,68,61.1,36.3,87.8,55,15.1,50.4,53.6,56.8,83.8,84.1,83.6,92.8,90.3,56.6,24.4,92.6,70.8,59.6,59.6,63.4,63,67.9,36.2,71.4,100,51.2,57.4,50.5,10.3,77.7
57.6,63,0,40.9,100,50.5,87.1,72.9,90.4,47.2,84.2,84.9,91.2,73.2,75.6,82.1,47.9,90.7,46.2,54.1,88.2,51.4,35.8,41.5,48.8,84.1,100,20.1,11,28.5,29.2,80.3,18.6,27.5,42.9,62.1,45.8,35.9,35.9,31.5,30.9,15.6,30.5,67.9,67.4,70.1,51.8,11.1,29.7,26,29.1,41.8,40.4,29,71.1,0,1.4,40.8,40.8,51.4,61.4,100,36.7,17.9,14,49.7,51.5,52,42.5,67.6
41.1,40.6,0.7,56.4,70.8,40,30.9,25.3,15.5,52.2,99,87.4,87.4,0,40.9,43.7,37.3,48,90.8,53.9,98.6,75.7,95.8,1.7,48.9,50.9,66.2,20.2,67,40.3,30.5,100,67.4,51.1,11.8,92.6,0.7,0,0,38,44.1,96.7,5,41.5,49.8,32.4,54.8,28.8,22.7,19.8,21.5,27.2,28.3,32.6,80.4,0,1,29.6,29.6,34,100,0,36.8,44.4,41.5,0,21.6,30.2,39.5,94.5
46.2,42.7,46.4,14.3,50,28.5,24.5,30.6,29.9,89,98,79.1,91.2,57,87.9,95.2,61.6,77.9,70.9,42.5,48.4,79.5,81,39.6,48.3,49.6,60,17.4,75.8,24.8,16.7,77,55.3,14.8,34.8,51.3,32.1,32.1,34.5,39.7,33.1,41.6,16.3,48.3,31.5,44.3,62.7,40,65.2,58.3,63.7,34.4,31.7,35,43.1,79.4,4.6,34.8,34.8,24.8,11,64.3,56.7,46.8,17.5,52,31.2,31.9,27.4,63.4
80.4,81.8,85,95,44.7,76.3,94.5,100,75.3,15.9,0,92.8,74,14.3,64,68.7,49.9,22.8,37.5,8.2,32.9,6.9,35.7,60.6,89.2,56.9,65.1,92.1,100,78.7,65.5,50,66.8,95.2,88.9,25.7,99.3,96.8,97,70.8,61.4,36,93.5,45.4,21.2,51,53.8,59.4,94.8,91.8,92.4,93,91.6,65.9,20.3,100,94.4,54.4,54.4,55.3,38.3,86.8,54.1,65.6,86.6,52.3,53.5,42.1,3.3,78.4
46.3,48.1,0,0.1,100,40.8,79.2,49,90.4,69.4,92,46.4,73.1,15.3,41.6,39.9,24.5,45.2,57.1,37.1,21,68.7,73.9,49.2,50.6,69.3,83.6,0,19.3,61,46.1,100,68.8,61.4,15.9,65.5,12.1,6.3,6.3,29.8,30.3,58.4,6.6,51.3,54.4,62.6,43.8,22.1,23.7,21.5,22.8,39.7,38,31.5,60,28.1,4.8,22.7,22.7,21.3,55.6,0,37.6,26.6,28.3,46.2,21.2,23.4,19.3,82
64.8,62.6,72.2,39.7,51.1,36.5,56.4,100,85.2,75.6,18.5,57.7,89.5,28.4,68.2,73.9,48.1,66.1,42.8,45.8,36.2,50.8,37.4,59.3,68.9,23.5,37.4,79.7,100,63.8,55.9,100,55.5,62.7,82.1,18.1,93.4,93.4,78.1,61.6,53.4,44.9,71.6,30.8,21.2,32.5,58.1,46.6,92,84.4,95.7,67.9,63.2,38,27.4,100,17.7,46.1,46.1,51.4,38.6,50.5,14.3,58.6,65.3,51.3,47.7,41.3,17.5,89.9
38.7,20.2,0,1.8,50,28.5,11.2,27.3,60.6,28.3,74.6,0,81,67.7,62.6,63.1,40,44,83.5,46.4,53.4,100,100,48.6,73,47.8,51.9,36.5,82.8,48.3,43.8,59.7,4.1,63.3,46,23.4,55.6,44.5,44.5,64.2,72.2,100,41.2,74.5,54.8,83.8,83,90.4,52.7,52.1,52.4,37.9,37.5,38.8,48.3,96.8,0.2,38.5,38.5,36.1,32.2,46.9,0,12.5,55.6,52,23.7,24.1,51.1,56.1
42.7,37.4,53.8,17.8,69.5,57.6,31.9,66.2,35.4,46,88,11.3,0,43.2,46.6,31.7,19.8,38.5,40,70.9,42,21.3,31.2,66.4,63.5,79.9,63.9,65.5,70.4,59.2,62,44.9,50.2,47.4,28.4,25.3,35.5,23.9,23.9,22.6,19.4,7,12.6,58,34.2,37.7,41,3,27.8,26.8,26.4,36.6,36.4,24.3,58.6,1.7,1.3,34.7,34.7,49.3,85.9,18.5,36.9,22.1,21.7,46.7,38.3,40.1,22.5,73.2
52,63.6,81.4,7.7,100,67.1,58.5,95.6,69.6,33.4,91.1,65.9,81,45.6,39.7,44.2,8.3,48.8,43,53.9,39.7,12.4,52.8,52.5,44.9,62.5,80.3,34.7,20.5,42.4,38,100,95.6,21.1,12,95.7,0,0,0,29.7,34.2,71.6,2.8,40.6,60.2,62.2,35.2,5.5,14.9,12.1,13.3,23.2,22.9,39.3,95.5,1.8,1.8,28.7,28.7,35.9,100,0,36.8,14.3,40.3,47.8,6.2,25.2,21.8,73
49.6,54.6,47.7,21.4,100,63.3,60.5,79.2,23.4,46.2,96.7,70.5,50.9,43,39.2,33.9,11.8,56.3,64.8,46.7,100,43.3,100,35.9,57.5,50.4,65,36.2,79.7,44,28.6,81.2,90,40,12.5,100,0,0,0,33,40.5,87.8,1.8,36.8,69,54,51.5,14.7,15.7,12.5,13.5,16.2,15.5,25,61.5,0,1,39.4,39.4,41.8,100,24.4,36.8,36.3,53.1,48.2,21.3,38.8,39.3,88.8
54.2,57.6,76.8,0,94.1,96.9,38.3,27.8,100,71.3,98.5,62.5,88.3,59.2,81.4,88.7,48.2,95.8,26,55.4,29.1,19.4,22.9,55.4,35.2,100,84,31.4,40,77.6,57.2,66.6,69.4,77.9,27.9,52.7,29.8,20.3,20.3,53.8,63.7,100,20.2,100,37.7,97.3,78.5,23,38.5,37.6,37.1,19,17,31.1,49.6,55.1,0.5,29.4,29.4,43.4,32,22.3,36.8,36.5,51.1,49.7,31.8,34.1,36.6,35.5
29.5,26,42.1,22.3,50,45.4,11.5,12.7,16.2,0,62.9,13.7,52.6,38.4,56.6,55.9,48.5,40.1,87.6,64.1,100,100,100,53.9,13,27,38.4,41,0,50.9,30.9,41.2,93.3,53.7,12.8,89.9,4.2,0,0,20.5,23.3,37.1,2.4,34.4,15.2,73,57.2,33,15.2,13.5,14.4,9.4,8.6,21.6,52.3,1.2,1.1,34.8,34.8,30.2,100,29.2,36.8,38,26,43.9,31.8,37.7,27.8,94.3
47.1,51.2,76.9,24,50,64.7,60.5,59.5,85.3,39.9,95.3,20.4,0,50.2,36.2,41.7,35,44.7,55,43.6,53.2,63.6,65.2,61.6,53,74.1,86.5,45.2,55.2,39.3,36.7,48,41.2,45.6,28.7,47.1,34.7,19.5,19.5,21.8,18.2,11.2,9.3,40.4,35.3,52.1,56.5,0,34.3,30.6,33.5,18.8,17.7,25.7,50.5,25.3,1.2,35.6,35.6,38.1,66.5,27.9,36.8,25.8,17.1,49.4,30.5,36.2,24.8,79.8
72.8,66.8,82.1,79.5,50,38.1,83.3,75,83.6,8,38.5,71.7,75.4,1.1,53.7,55.5,70.6,22.5,58.4,43.2,40.4,73.8,92,60.2,94.1,60.8,67.7,100,100,75,64.5,94.6,73.7,59.8,75.6,49.3,76.6,76.6,96,42.8,31.6,22.5,37.8,27.6,25.8,24.4,52.9,48.5,71.7,76.6,73.1,60.7,59.7,54,35.5,100,49.4,59,59,63.8,62.3,65.8,14.6,80.5,30,53.6,64.2,60.1,100,58.4
56.2,54,46,29.2,47,63,46.7,45.1,32.1,100,99.7,62.6,100,100,60.2,67.3,43.9,69.7,57.6,17.9,67.6,41.9,48.6,54.2,63.5,33.5,40.5,100,10.1,33.6,0,29,29.8,69.4,75,20.4,86.9,79.7,79.7,87.5,88.1,100,93.4,51.7,29.8,74.6,70.1,94.3,93.5,90.4,93.7,91.5,88.4,40.1,19.3,94.5,33.6,48.5,48.5,43.5,19.3,63,18.3,54.2,100,49.8,40.1,26.9,36.7,46.2
28,12.8,1.6,0.2,100,0,0.9,0.7,0.8,88,94.5,3,81.6,5.2,75.4,74.2,56.6,70.9,37,84.1,54.1,22.1,25.1,45.2,31.9,32.5,29.9,22.8,30.6,59.7,45,38.1,62.9,76.7,30.8,71.8,32.7,19.2,19.2,11.6,6,0,6.4,0,33.9,11.1,3.7,20.4,19.8,16.4,17.5,28.7,28.6,31.3,64.3,9.3,9.3,26.4,26.4,24.1,20.3,39.6,0,21.3,15.6,48.5,19.6,26.1,0,70.6
31.1,24.7,24.9,11.3,50,14.9,3.3,38.2,42.6,77.8,97.4,31.2,17.5,52.1,41.2,16.7,36.9,66.1,40.2,64.1,60.2,27.2,33.1,50.2,21.5,90.6,67.1,0,27,74,50.5,74.6,65.2,97.3,36.7,39,45.2,29.8,29.8,20.6,16.4,24.2,10.9,37.4,41.5,18.2,26.2,8.7,29.5,29.1,25.9,30.2,28.8,26.7,48,31.1,3.1,28.8,28.8,30.2,23.2,9,37.4,25,48,45,22.9,25.2,0,55.3
45.9,43.7,66.4,22.2,100,10.1,24,23.2,68,65.5,80.2,61.9,76.9,40.5,66.6,62.4,49.9,77.9,62.4,55.5,61.5,50.2,70.2,42.6,63.9,18.7,25.2,44.1,78.3,41.2,26.9,49.4,54.4,28.7,28.6,51.8,30,21.8,21.8,40.1,36.5,19.8,59.1,32.6,21,11.7,33.3,24.4,59.7,53.6,60.2,26.2,25.7,31.7,52.4,19.8,17,37.1,37.1,37,12.7,40.6,35,100,37.8,52.9,25.4,26.5,0,37.5
26.8,21.2,0,0.4,64.5,8.8,12.8,4.9,17,68.1,78.2,38.4,92.7,33.8,75.4,70.7,53.7,63.8,74.2,55.5,72.3,81.9,82.7,100,8.7,10.2,26.6,0,34.9,52,28.5,53.6,90.5,41.4,48.7,64.9,27.1,71.8,28.2,31.9,27.3,10.4,36.1,36.6,23.7,14.8,36.8,22.6,53,49.2,50.6,29.1,26.9,10.9,22.5,0,4.8,13,13,35.3,21.4,0,36.7,0,36.4,0,14.6,20.1,5.4,36.7
60.3,50.2,30.9,42.6,54.5,46.8,25.1,43.9,67,66.9,95.5,60.2,97.4,45.5,56.7,50.3,49.3,43.5,62.2,41.2,40.3,59.5,60.6,42.1,86.6,15.5,19.3,100,100,75.7,50.6,29.6,82.8,89.9,71.4,10.4,93.5,62.1,94.3,77,74.9,62.3,88.7,57.6,23.1,55.2,67.2,80.3,83.9,77.8,89.5,87.4,84.2,56.4,22.9,95.8,70.1,55.6,55.6,61.1,47.1,64.3,48.5,60.9,100,55.8,59.6,46.4,29.2,48.3
43.5,31,0,50,50,18.7,32.8,68.5,21.8,46.2,92.1,10.4,44.2,28.7,60.3,53.6,44.9,66.5,23.7,45,19.3,11.8,15.7,51.2,61.7,31.2,51.4,52.2,99.3,63,35.9,40.4,37.2,92.5,88.6,32.9,97.7,96.8,92.3,62.2,52.1,36.7,84,35.9,18.5,0,27.9,38.5,87.3,82,86.8,97.9,95.6,36.6,21.2,100,20.4,40.7,40.7,42.2,24.3,21,0,62.3,100,58.1,36.1,27.9,15.3,55.8
57.8,53.2,66.3,37.3,47.9,55.4,26.7,59.5,70.5,70,44.7,63.4,74,16.4,65,77.8,48.5,36.5,35.5,20.8,45.3,28.2,24.4,67.3,72,38.3,51.3,86.5,100,62.1,45.5,46.4,65.7,72.8,69.9,28.5,86.9,62.5,82.6,61.1,49,29,76.2,43.7,26.8,41.5,45.3,45.3,97.3,94.5,99.9,77.4,76,52.5,27.5,90,58.7,47.5,47.5,54.1,42.7,55.4,23.9,76.8,64.1,53.4,54.5,47.7,9.3,67.6
49.7,39,76,19.2,50,44.5,31.2,62.5,57.6,52.2,52.2,0,33.9,49.5,65.2,58.5,45.6,50.1,84,82.3,91.4,100,100,46.1,74.9,21.9,25.2,89.1,88.7,60.3,67.5,46.8,53.6,53.3,40.5,49.1,46.8,33.7,33.7,37.8,33.7,35.2,26.2,49.3,28.4,38.1,63.6,41.7,51.7,52,52.8,43.6,46.4,25.5,37,50.5,1.4,52.4,52.4,52.1,63.9,61.2,30.6,71.6,56.6,47.1,50.6,52.7,36.3,90.2
56.2,46.6,42.6,55.9,43.5,25,45.3,91.2,26.5,68.8,78.5,27.3,62.9,64.4,79.6,81.4,47.3,57.4,41,32.6,40.5,39.8,50.8,47.7,72.5,17.8,19.8,100,59.3,61.9,48.9,24.6,29.4,89.9,74.8,24.6,89.9,77.8,70.7,65.1,57.2,40.5,83.7,59.2,13.4,29.2,50.2,40.2,76.5,77.8,75,100,100,72.5,38.8,99.3,92.7,52.2,52.2,49.9,29.8,70.8,62.5,71.1,100,51,47.9,38.4,0,76.9
35.5,30.4,4.8,0,64.5,31.6,5.2,3.1,8.7,57,87.1,87.6,77.2,59.6,65.4,71.7,53.7,63.8,96.2,51.6,100,100,100,49.2,13.4,11.3,27.4,21.8,52.1,34.1,31.5,51,52.6,29.1,71.6,53.4,63,89.3,62.1,44.9,41.2,22.6,67.4,33.6,11.8,0,37.2,37.1,61.9,61.1,59.4,42.3,38.6,27.3,47.4,29.4,6.2,33.2,33.2,42.1,50.7,0,36.7,20.2,100,0,33,34.1,21.9,78.7
52.1,50.5,87.6,41.7,50,12.6,57.4,32.3,33.8,31.9,16.1,63.7,93,34.6,66,65.9,50.7,63.9,70.9,55.5,54.9,44.8,45.3,45.4,76.9,35.7,44.8,48.9,100,43.2,28.7,100,87.6,18.2,31.7,0,57,11.3,48.9,47.9,41.9,43.5,35.1,26.4,41.7,32.4,62,53.4,68.3,60.5,67.1,57.3,52.4,28.5,48,31.1,7.8,28.6,28.6,38.3,8,14.9,0,52.3,0.3,43.2,21.1,14.6,4.6,40.1
48,44.5,58.6,20.3,62.4,38.4,51.3,40.1,54.6,31.2,5.5,34,88.9,6.3,50.6,49.9,19.7,59.6,73.9,64.1,65.5,100,74.2,30.5,60.5,78.6,84.8,13.8,40.9,49.3,42.7,54.1,85.2,38.8,37.4,48.5,7.5,76,0,27.4,26.6,31.3,6.9,58.6,59.7,49,28.4,18.4,16.7,13.3,14.5,45.5,43.8,59,100,74.9,10,29,29,25.1,75.4,5.4,0,0,19.4,40.9,19.5,25.1,13.6,76.9
47.5,32.3,23.6,8,51.5,0,2.9,58.3,29.7,28.3,91.3,27.9,89.8,71.1,67.8,75.6,45.8,77.9,92,79.3,82.7,100,100,62.1,86,89.1,94.2,100,87.5,58.3,23.1,100,77.8,81.9,21,81.9,20.4,6.3,6.3,45.7,54.4,100,2.9,27.9,78.3,100,95.4,100,19.2,17.4,18.6,51.9,51.3,18.8,42.3,0,4.7,42.6,42.6,40.5,100,28.9,23.6,32.6,41.7,49.1,34,43.6,64.8,96.6
55.7,50.6,0,6.5,50,44.2,71.2,55.2,85.2,87,99.8,61.8,78.4,45.3,61,64.7,44.9,64.1,19.6,45,0,21.1,24.5,47,63.4,0,0,42.2,72.9,62.9,44.5,16.2,84.3,78.4,85.7,30.9,100,88.7,88.7,49.9,41.5,12.4,77.4,54.7,6.2,0,34.7,13.7,73.2,76.6,70,58.7,54.9,59,28.9,79,79,28.5,28.5,36.6,2.1,47.8,36.2,20.5,0,58.1,27.6,5.2,11.7,0
36.3,38,0.8,12.5,50,36.3,13.7,11.7,13.7,64.1,74.8,64.2,92.7,57.8,80.3,88.3,52.5,71.7,92.5,73.2,82.2,100,100,55.4,30.3,3,31.3,0,33.1,54.7,43.4,72.9,80.7,42,23.9,75.9,26.9,8.7,8.7,32,26.1,37.4,8.5,12.4,30.4,37.5,61.9,45.5,51.7,45.2,51.3,41.1,38.1,16.2,37.2,0,3.2,17.5,17.5,25.1,33.1,19.4,36.8,14.9,0,46.5,14.9,23.9,24.5,79.1
35.3,38.9,27.5,13.8,50,32.9,44.8,37.3,35.6,74.4,97.3,44.2,0,84.3,31.8,24.6,14.2,55.8,40.2,72.7,60.2,22.1,24.5,50.2,16.2,54.2,53.3,30.8,15.4,75.4,59.8,65.9,72.2,84.4,21.6,51.2,24.7,11.8,11.8,16.6,11.5,5.3,3.5,22.9,47.7,47.3,18.9,0,26.5,21.9,23.9,22.5,21.4,42.6,94.9,12.1,5.5,13.4,13.4,0,0,21.8,36.8,14.3,22.6,47.9,19.9,24.6,24.9,27.6
70.2,69.4,86.8,42.9,49,42.6,83,60.3,95.2,71,55.7,96.3,60.2,15.7,39.8,35.9,50.7,20.6,72.6,43.2,37.7,88.4,96.1,41.6,86.3,43,46.6,89.8,100,67,45.5,55.7,78.1,63.5,66.4,22.2,75.1,74.8,59,49.8,40.5,29.4,36.5,69.7,28.9,53.5,53.2,59.6,77.3,75.3,77.8,67.6,64.5,36.1,28.2,77.5,23.2,49.8,49.8,52,51,46.2,6,34.3,66.3,49.6,48.2,44.4,32.3,67.2
33.5,24.8,5,0,50,14.9,4.2,5.8,3.9,42.6,79.2,87.1,81,22.7,64.5,68.5,60.8,37.5,96.9,56.4,92.6,100,100,55.4,22.8,29.4,33.9,0,59.3,53,39.2,29.6,41.3,62.6,46.8,38.6,55,42.8,42.8,44.6,38.4,29.6,55.4,26.6,1.9,10,31.7,41.4,60.5,67.7,53.2,61.1,58.6,36.6,40,57,23,19.3,19.3,32.8,16.2,16.5,36.6,11.5,0,48.5,26.6,24.8,21.4,56.2
46.3,50.1,0.8,22.7,50,25.6,0.5,69.9,66.6,64.1,77.2,81,92.1,30.3,69.7,81.1,53.3,45.9,73.2,53.9,100,56.8,97.4,41.5,55.4,59.9,64.2,0,0,35.4,11.2,59,84.9,33.5,11.7,84.8,2.9,0,0,13.8,13.7,11.5,2.4,24.5,65.9,16.6,53.5,26,8.2,6.1,6.8,14.8,14.9,40.4,100,0,1,41.9,41.9,33.7,49.4,47.6,35.2,56.1,41.9,0,24.2,38.9,35.7,85.4
32.6,25.7,15.9,4.5,70.8,24.6,14.7,12.7,10.3,55.9,96.9,72.4,1.8,37.2,50.7,33.9,32.1,47.8,65.9,65.3,99.3,13.8,99.6,41.2,42.3,69.3,90.2,23.5,61.7,38.4,24.3,91.2,72.7,36.2,12.4,99.1,0,0,0,32.4,38.8,78.4,4.3,60.2,74.9,79.2,54.7,19.7,13.8,10.5,11.1,26.8,25.7,28.2,69.6,0,1,34.2,34.2,29.5,100,6,36.8,0,38.1,48.3,18.5,29.1,35.6,96.1
70.2,68.7,61.1,100,56.5,41.7,53.4,56.1,86.9,50.2,41.8,96.7,88.6,3.6,51,45.4,79,16.4,81.1,45.8,40.5,77,92,64.3,81.3,45.7,50.2,80.4,98,66.7,42.6,64,74.2,65.7,69.8,35.2,76.7,72.4,75.9,53.6,45.7,31.3,49.1,58.3,29.6,49.1,56.2,67.5,74,71.5,75.9,68,65.7,56.8,30.5,94,64.6,48.4,48.4,50.6,42.7,70.1,0,38.1,45,48.9,47.7,41.9,27.5,61
82.6,82.7,64.7,44.5,50,89.6,93.1,100,88,0,0,94.3,60.2,30.1,52.6,57.5,51.4,11,43.2,23,32.5,29.2,35.7,57.5,95.1,66.5,77.1,100,100,66,51.4,36.2,84.6,72.7,90.3,40.8,99.4,98.5,87.8,71,61.4,34.4,90.5,43.2,16.7,59.5,51.5,57.7,96,93.7,95.1,94,91.6,63.3,12.9,100,95.4,55.8,55.8,59.6,38.7,50.7,29.7,66.5,100,49.8,55.9,34.9,36.5,74.1
28.7,26.8,15.9,10.5,100,34.5,38,23.5,22.8,68.3,91.1,25.2,0,47,26.7,26.5,20.5,46.3,53.8,94.9,67,65.4,63.5,44.3,29,81.2,97.9,30.7,0,52.5,47,100,90,42.7,12.5,100,0,0,0,26,31.1,47.7,2.5,63.9,48.8,82.1,57,16.6,9.3,6.8,7.7,25,24.2,25.7,63.4,0.6,0.6,33,33,25.2,100,36.9,36.8,38.1,33.5,47.6,24.6,41.7,22.2,92.4
59,68.1,34.2,20,50,63.9,79.2,67.3,79.9,24.5,90.9,37.5,95,10.2,45.2,45.6,10.6,57.3,59.1,59.3,71.3,45,52.8,45,68.4,88.2,100,45.9,85.1,47.1,43.9,100,73.2,41.2,23.4,100,16,13.2,0,21.8,22.3,24,3.8,45.1,55.9,64.3,43,14.5,13.9,11.1,12.3,31.2,29.9,33.9,83.7,0,1,32.8,32.8,38.1,100,6.6,36.8,0,46.8,37,20,33.5,28.1,90.3
33,27.5,6.2,6.6,50,14.6,56.8,39.8,40,80,96.7,11,0,63.7,25.8,0.7,31.1,50.1,52.4,51.3,87.9,39.5,41.8,54.5,31.8,88.1,60.9,28.3,12.3,65.2,56.7,46,14.6,86.7,44.1,35.3,75.4,22.9,22.9,38.9,33.2,24.2,54.5,47.6,24.9,35,31.8,0,52.8,55.4,51.3,52.2,52.1,40.1,31.9,100,18.3,30.2,30.2,35.7,9.6,52.4,19.8,29.1,42.4,46.1,29.3,24.6,5.3,36
40.5,15.5,0,0.9,50,27.2,9,1.3,0,76.1,99.1,59.6,81.6,65.5,71.3,77.6,52,59.9,90.3,75.7,100,100,100,54.3,68.2,29.4,51.9,60.5,68.5,48.7,47,72.7,77.8,54.5,40.4,38.4,45.4,37.1,37.1,46.2,46.3,41.8,30.9,34.7,90.7,94.2,72.2,91.8,48.2,49.8,41.8,56.2,53.4,13.4,29.4,2.7,2.7,19.4,19.4,24.2,8.5,1,36.6,0,0.9,49.9,16.2,15.1,42.2,54.6
47.4,51.9,1.9,26.5,50,15.9,70.5,18.9,16.6,22,92.2,93.3,94.2,33.1,67,65.2,31.9,57.3,90.8,53.9,98.6,72.7,95.8,31.7,47.6,58.4,89.5,3,62.3,67.9,41.7,100,99.1,73.2,11.2,89.4,0,0,0,35.3,42.5,92.3,4.2,39.5,51.9,84.5,54.7,9.4,14.7,11.5,12.5,28.5,28.7,30,74,0,1,25.4,25.4,20.9,83.6,19,36.8,25.6,44.1,0,15.1,33.7,20.5,70.3
54.9,46.4,41.7,56.6,100,37.6,10.3,94.1,42.6,0,0,75.1,89.5,3.6,65,73.9,49.3,43.5,57.3,11.2,16.9,42.2,0,40.2,83.3,0,0,82.3,100,57.2,48.5,23.8,45.5,74,52.2,17.8,100,0,100,69,66.3,68.4,76.1,44.3,24.9,36.3,67.6,80.2,90,85.8,91.5,60.8,55.1,27.1,14.7,93.1,6.5,66.1,66.1,56.4,61.3,59,0,89.2,33.4,100,51,45.4,43.6,89.7
37.7,14.1,0.2,5.1,100,0.9,3.8,2.9,0,28.3,95.8,49.3,89.8,63,77.4,77.6,45.8,72.3,91.7,51.6,71.4,100,100,45.3,95.1,80.4,92.8,79.6,100,77.8,23.5,100,77.8,66.6,40,54.9,47.2,30.8,30.8,54.7,62.8,100,6,100,83.4,100,91.7,100,34.8,34.3,35,44.9,43.6,36.4,57.9,22.1,22.1,35,35,41.1,32.8,0,12.9,9.5,44,49.7,24.7,35.7,60.2,67.9
38.8,37.1,45.4,20.7,100,0.9,5.1,2,52.3,43.5,66.1,91,90.1,60,50.8,43.7,27.9,48,78.7,66.3,14,74.9,31.1,18,47.8,33.2,57.5,24.1,58.9,41.3,16.1,65,97.2,38.7,14,90.8,7.1,0,0,46.1,53.8,100,9.8,61.9,35.6,70.9,69,28.1,23.5,18.9,20.6,44.3,42.9,30.1,71.6,4.5,1.4,30.5,30.5,25.5,46.9,36.4,36.7,35.1,37.3,0,27.5,37,28.6,61.5
32.5,15.2,0.8,17.1,70.8,12.6,11,15.7,6.7,100,99.7,0,86,30.6,78.5,76.3,40.8,62,78.3,46.4,87.9,91.8,82.3,34.7,58.7,62.8,54.7,59.2,49.6,64.2,86.7,42.4,0,67.9,36.3,51.6,25,40.9,40.9,68.5,73.9,88.1,48.3,100,57.2,71,83.9,95.8,59.4,56,59.5,59.9,59.6,38.5,35.3,100,10.9,39.7,39.7,39.8,32.8,44.8,0,45.5,61.4,48.4,29.4,27.5,33.2,62.4
45.4,32.3,51.6,34.3,43.1,18,27.4,45,29.2,34.7,77.9,2.9,57.6,40.5,60.2,53.3,43.8,68.2,35,58,34.2,44,47.7,51.2,74.6,58.2,60.9,71,67.9,51.7,42.3,64.3,55,60.8,65.6,35,91.7,57,43.4,35.3,28.4,25.5,31.5,28.6,16.6,0,41.7,11.2,54.5,53,52.4,50,49.9,26.3,31.3,59.6,4.7,42.5,42.5,46.3,38.5,42,0,22.2,45.2,49.5,39.6,37.2,0.2,61
29.4,4.7,0,0,100,0,0,0,0,28.3,95.8,0,89.8,79.2,71.3,77.6,48.4,83.7,84.4,65.3,63.9,100,100,29.3,88.2,79.3,92.8,100,100,46.1,43.5,38.7,0,84.4,25.5,57.1,27.6,16.1,16.1,55.7,64,100,6.5,91,100,100,90.5,99,37.8,38.3,38.4,47.2,46.3,21.8,49.5,0,4.9,41.7,41.7,51,82.2,33.2,12.9,31,76.7,59.4,39.6,47.7,61,84.2
44.7,41.1,66.4,20,50,16.2,16.1,35.3,52.9,71.3,71.5,90.2,57.9,0,72.3,85.1,55.9,54.2,83.6,55.5,82.2,86.4,87.9,60.7,68.7,43.1,46.6,51.3,80.9,47.6,46.6,100,66.4,17.4,22.1,2.4,36.1,16.6,16.6,37.9,30.2,27.5,17.4,35.9,37.6,30.9,60.6,64.5,63.8,58.9,64.1,49.3,49.1,17.2,24.8,31.9,2.3,45.6,45.6,50,63.6,71.4,0,43.4,33.7,51.3,48,49.4,35.5,72.7
53.3,63.9,66.4,12.5,50,26.5,80.4,55.3,68.7,26.8,63.3,85.7,71.9,59.6,79.5,87,52.5,65.4,74.2,55.5,72.3,79.5,81,49.7,41.9,11.2,29,38.7,23.2,23.7,1.3,35.6,96.9,58.3,43.8,42.1,53.5,36.9,36.9,25.6,15.6,0,11.7,29,35.9,27.8,64,58.5,57.5,49.7,54.6,38,34.2,11.6,22.6,0,6.4,4.6,4.6,0,0,0,0,28.3,0,50,0,0,11.2,1.8
48.2,42.2,14.5,0,50,65,43.9,27.2,43.8,84.1,86.9,49.4,66.4,36.5,65.7,79.4,40.9,65,30.4,42.5,57.2,34.4,37.3,41.2,78,24.4,23.2,0,0,44.6,16,11.1,75,62.4,43.6,43.8,61,30.6,30.6,44.6,30.7,23.3,24.3,61.7,45,38.9,60.4,43.5,92.7,94.8,87.4,58.5,59.4,12.7,25.6,4.1,4.1,51.3,51.3,43.1,35.2,50.9,100,69.8,8.6,51.9,43.7,42.1,40.7,58.3
34.2,22.2,4.8,6.6,82,12.6,4.1,7,7.7,43.5,66.1,65.7,55.6,39.1,65.4,62,43.8,63.8,48.7,51.6,46.4,28.6,59.5,45.4,59.4,22.7,26.6,38.8,77.2,52.6,39.1,54.9,66,18.5,49.9,61.2,60,40.1,38,42.3,44.2,70.9,25.8,34.8,36.9,27.7,55.7,34.4,44.3,42.3,40.1,28.1,27.5,28.4,55.2,18.8,6.3,36.5,36.5,37,45.3,28.7,36.8,41.8,30,50.2,31.9,35,13.9,70.8
49.4,57.1,34.2,16.6,50.1,68.4,56.6,88.5,81.8,81.7,96.8,38,78.7,52.8,44.1,40.9,0,69.2,59.1,59.3,31.2,45,47.1,68.3,49.1,83.5,97.1,37.8,85.3,36,34.2,100,95.2,23,12,96.1,0,0,0,24.4,27.4,35.9,2.6,56.9,53.7,79.1,59.4,17.3,16.4,13.4,14.7,15.4,14.4,31.5,78.1,0.5,0.5,18.4,18.4,19,90.7,7.1,70.4,43.4,100,48.2,10.8,32.8,20,90.4
31.8,26.1,4.8,1.6,50,7.1,32.8,18.2,26.2,54.9,95.3,39.8,63.2,49.6,54.5,43.3,32.7,71.7,38.6,72.7,67.2,22.1,24.5,39.1,28.8,70.7,76.6,51,28.9,68.9,71.6,100,69.2,67.1,13.6,72.4,12,0,0,15.4,8.2,0,3.6,13.2,47.8,51.8,30.9,0.2,30.5,27.1,29,29.6,27.4,34.7,78.1,7.2,5,34.5,34.5,47.2,100,36.4,26.1,19.8,49.8,46.6,32.4,41.9,14.1,83.3
59.3,70.2,7.5,7.7,100,100,84.4,100,99,46.2,80.1,91.2,79.8,57.5,50.8,49.9,27.9,71.2,36.7,11.1,59.1,28.2,34.3,52.2,59.4,68.6,69.2,48.3,46.5,22.6,12.9,72.3,99.1,1,30,59.6,32.4,20.7,20.7,25.5,26.6,32.1,11.5,20.8,44.2,68.2,60.2,9.2,17.2,14.5,15.5,34.9,34,30.5,72.1,2.7,2.7,36.8,36.8,34.4,46.5,11.7,36.9,0,4.5,0,20.8,23.9,26,48.7
47.9,54.2,21,20,50,13.8,48.4,55.9,80.3,53.6,76.9,50.6,97.1,34.1,81.1,88.3,57.3,72.3,72.2,72.7,71.3,56.8,71.2,39.1,15.7,21.7,31,22.3,28.3,65.3,76.3,100,85.6,46.2,13.2,81.5,8.1,0,0,13.4,6,0,5,0,51.3,27.3,0,8.8,28.9,25.1,26.6,23.2,23.5,42.7,98.4,14.6,1,24.4,24.4,5.6,32.3,35.1,36.7,18.3,37.3,48.7,29,35.8,20,82.1
63.6,53.9,40.2,52.9,20.9,52.8,40.2,67.3,59.4,28.3,61.4,73.8,55.3,12.9,71.2,69.5,84.8,5.7,25,8.3,26.2,7.4,34,66.3,94.3,57.7,70.1,100,100,68.4,46.4,16.9,57.6,99.5,89.3,19.4,100,99.4,97,70.3,62.3,37.4,93,49.7,13.7,52.8,56.2,66.8,87,85.7,87.1,97.5,95.5,69.5,26.2,100,97.5,54.4,54.4,54.8,39.8,66.1,83.5,100,100,36.6,55.5,43.2,15.6,68.7
50,36.6,15,12.6,88,28.5,49.4,86.3,16.8,97.1,99.5,0,74.3,24.3,60.3,53.6,45.1,70.9,34.3,54.6,40.2,19.4,33.4,72.4,78.7,72.3,92.5,77.5,100,75.6,63.7,53.1,58.8,100,70.7,20.2,77.1,84.1,61.8,81.2,83.4,97.8,81.9,74.5,32.5,42.8,90.6,43.8,81.7,80,79.3,81,78.7,40,16.4,100,33.6,44.6,44.6,53.5,39.9,51.1,29.1,58,57.8,52.6,44.5,30.9,18.8,47.3
58.7,65.4,97.1,40.6,95.5,85.3,72.9,69.5,92.9,66.1,96.3,48.2,0,37.7,33.8,24.7,0,36.1,51.7,73.4,35.1,28.3,43,60.5,72.3,74.3,71.6,58,93.4,44.8,30.3,56.8,50.9,52.1,40.7,31.5,53.7,33.3,33.3,37.5,35.9,47.1,14,62.2,42.2,37.1,69.8,13.9,43,38.5,41.9,45.6,41.7,21.6,49.2,7.4,1.2,34.8,34.8,47,95,24.2,36.8,23.6,36.7,45.4,31.3,38.3,26.6,72.4
47.7,61.3,1.9,20,50,53.9,54.9,29.2,75.1,36.3,89.6,79.4,85.4,38.8,58,65.2,31.9,57.3,56.3,53.9,56.8,65.7,69.3,49.2,24.2,52.3,70,8.1,10.5,57.5,31.6,100,91,62.4,12.5,100,0,0,0,28.9,35,76.1,4.8,38.7,47.5,70.4,50.5,21.4,9.1,5.6,6.3,25.5,26.6,31.9,78.4,0.9,0.9,13.6,13.6,0,79.4,15.3,36.8,13.1,19.8,0,3.6,30.1,20.9,78.8
39.4,39.5,2.5,0.4,50,28.2,23.2,44.5,88.7,32.9,41.4,53.2,74.9,0,53.8,52.3,19.7,61.8,58.2,83.9,88.5,38.1,40.8,43.4,32.7,59.1,61.1,39,72.4,49.1,45.5,100,56.1,42.7,15,74.8,10.6,3.4,3.4,18.4,17,30.6,6.6,36.5,39.7,55.4,26.2,19.2,9.2,6.9,7,47.5,47.2,29.7,63.7,19,1.1,36.9,36.9,38.6,91.9,59.1,36,26.4,29.3,44.8,41.5,46.5,6.2,88.1
54.6,47.5,46.4,20,50,42.3,34.9,28.6,20.8,76.1,94.5,77.3,78.9,37.2,66,65.9,43.3,74.3,70.9,33.1,82.2,86.4,87.9,46.1,87.5,41.9,47.2,77,77.4,42.1,36.8,44.9,53.5,38.2,42.2,62.5,46.9,33.7,33.7,33.2,23.8,12.4,20.9,34,34.4,15.1,54.7,40.1,62.6,62.2,61.6,40.8,39,31.6,42.2,73,0.2,54.2,54.2,53.3,51.9,48.4,22.9,68.3,50.5,51.2,48.1,47.9,34.4,65.5
66.6,63.9,93.6,9.9,62.4,98,19.4,56,72.1,99.5,99.9,84.2,81,100,71,69.3,43.2,69.7,50,31.6,73.3,65.9,64.4,48.3,79.2,35.1,48.3,65.4,100,52.7,19,44.7,32.2,73.9,79.5,10.1,99.2,84.1,76.1,85.1,80.9,78.7,98,47.5,22.5,41.8,62.9,59,98.8,95.9,97.1,97.7,92.8,61.3,14.9,95.1,90.9,51.1,51.1,49.3,30.9,72.7,64.4,86.2,94.5,49.8,51.5,37.6,20.8,54.6
47.1,38.3,37.8,26.2,64.5,42.1,12.7,11.2,13.9,71.3,98.6,68.2,83.6,55.3,65.4,71.7,53.7,63.8,94,100,79.8,69.1,70.4,26.5,32.2,26.1,0,1.1,100,67.1,31.2,49.8,63.1,100,86,60.7,99,99,33.1,49.3,47.3,38.4,61.3,34.6,25.6,29.6,60.3,36.3,66.7,74.3,61,31.3,31.3,33.8,36,32.3,32.3,16.3,16.3,15.5,0,46.7,31.9,3.1,52.3,100,11.4,0,11.7,21.9
33.2,27.2,0,0.7,50,6.6,28.1,35.5,62.8,34.1,18.7,54,39.2,21.5,61.9,52.3,32.7,59.1,56.7,62,88.4,42.9,44.7,58.1,51.6,20.3,26.1,53.5,51.6,46.4,34.1,46,34.8,66.4,21.8,55.9,29,7.9,7.9,11.1,5.6,0,5.6,1.5,37.2,11.8,2.6,17.7,21.4,19.8,19.8,23.3,22.8,29.3,64.2,10.8,3.6,39.2,39.2,43.6,86.2,23.7,35,24,33.1,44.9,32.7,38.5,4,76.2
56.4,58.7,76.8,23.4,89.3,68.9,70.2,93.1,81.3,72.2,97.9,11.8,42.4,44.3,67.4,53.8,32.5,63.3,67.1,15.9,42.8,52.7,67,81.4,52.1,65.5,68.2,33.1,51.7,40.5,26.4,49.8,49.7,53.8,41.7,28.6,38.3,53.4,29.6,51.8,53.4,70.2,36.1,70,33.7,61.6,66.5,31.3,47.5,43.8,46.5,62.1,61.2,25.7,38.4,46,2.8,31.3,31.3,25.9,15.5,30.3,36.7,30,2,48.2,27.2,24.3,24.9,65.6
38.9,23.1,0,3.5,100,0,7.2,10.3,3.8,79.5,98.6,51.6,87.7,100,67.8,75.6,49.6,88.6,85.7,84.7,67.9,99.1,97.2,5.1,74.3,100,100,100,90.3,58.2,48.2,100,67.9,63.7,11.1,86.1,0.9,0,0,36.9,40.3,60.4,1.7,86.2,79.9,45.5,80.6,0,19,17.3,18.7,53.2,52,36.8,71.6,38.4,1.2,46.2,46.2,48.6,99.4,100,36.8,63.3,34.7,49.1,53,57.1,37.7,88.7
45.2,47.5,59.7,31,50,43.3,36.9,47.2,61.7,38.2,82.6,84.3,0,34,12.9,1.4,0,63.9,86.3,58,46.4,63.6,61,61.4,69,100,100,36.7,91.4,80.6,80.9,52.9,85.9,46.1,12.4,46.2,11.2,4.8,4.8,38.4,32.7,46.4,18.3,58.8,21.2,83.7,60.2,0,54.9,49.9,53.1,53.5,52.6,23.4,43.5,26.8,1.5,29.4,29.4,34.5,51.6,13.9,36.8,14.2,51.8,46.7,23.7,25.5,19.3,50.6
53.1,50,92.1,13.5,100,48.4,42.3,62.6,64.7,83.4,98.4,15.3,61.7,64.9,65.2,62.6,45.1,88.6,75.8,52.4,46.4,95.2,95.3,81.1,53.7,100,100,32.9,77.9,42.6,34.8,52.9,36,51.2,53.6,51.9,53.5,53.5,56.3,37.2,29,16,24.3,89.1,5.9,61.4,66.6,11.3,52.5,47.7,51.9,75.3,72,25.2,51,22.4,0.7,31.5,31.5,27.5,29.4,29.1,36.7,33.2,29.3,49.2,29.3,29.8,13.4,72
34.1,21.8,16.4,7.2,50,28.5,10.6,39.5,26.2,56,78.7,3,46.8,28.2,62.8,50.1,42.8,59.1,74.5,86.6,85.4,74.6,76,56.2,43.1,60.2,71.6,53.8,73.2,72.1,79.4,100,49.5,71.4,12.6,80.9,2.8,2.8,2.8,26.8,21.1,20.4,9.8,54.7,21.7,11.7,56,18.9,38.9,37.7,35.2,43.2,43.1,30.8,56.5,13.7,13.7,32.4,32.4,37.1,57.3,32.9,35.7,50,27.6,46.1,35.4,37.8,9,75.2
78.7,81.4,82.1,79.5,66.6,66.6,98.4,100,90.9,0,0,89.5,87.1,5.2,56.2,56,69.2,22.4,58.4,85.6,68,73.8,32.7,64.4,92.8,55.8,67.1,86.9,100,59.7,52.5,39.4,71.1,59.8,75.7,37.9,94.2,72.6,67.4,45.3,31.2,13.8,38.9,46.4,12.8,25.8,52.8,61.6,82.4,89.7,86.7,65.4,62.2,57.9,41.8,100,53,52.2,52.2,50.2,30.1,93.6,14.8,48,47.4,53.8,45.8,39.6,7.5,53.2
60.3,59.2,70,28.6,29.3,46.3,61.9,76.3,79.9,38.1,47.9,68.1,68.4,35.4,18.7,17.7,33.1,8.6,36.4,24.3,25,62.8,49.1,54.8,75.9,22.8,24.6,100,100,46.1,13.4,35.8,72.4,53.8,85.5,40.5,97.1,91.8,76.8,65.2,57.4,55.7,70.7,42.2,16.9,37.1,57.9,47,93,89.6,93.9,69.6,66.4,50.7,28.9,95,50.4,48,48,61.5,62.2,62.2,0,57.9,93,51.8,61,56.3,31.7,75.2
53.1,50.5,42.9,36.2,50,55.3,13,44.9,94.5,64.1,98.6,50.4,82.2,51,64.5,68.5,53.7,59.9,88.3,45,61.7,100,100,0,41.7,0,0,0,90.6,35.5,6.1,43.9,43,63.3,84.7,20.3,100,89.3,89.3,50.3,41.6,0,91,26.4,4.4,21.7,46.1,22.1,75.3,77.4,70.8,65.6,56.7,42,30.8,100,24.3,15.1,15.1,21,0,0,31.2,0,100,100,0,0,6.3,4.1
56.5,71.8,0,22.7,50,69.8,80.6,77,69.5,61.8,87.7,89.3,90.4,74.5,71.9,75.4,43.1,88.9,51.3,37.1,71.3,51.4,75.2,54.2,16,100,88.8,0,0,47.5,36.7,100,56.7,46,23,88.4,21.3,7.9,7.9,16.9,12.4,1.3,7.5,36.4,37.5,49.9,33.7,0,20.4,16.1,17.9,35.9,34.9,37.8,79.1,10.3,10.3,38.8,38.8,34,53,40.1,36.7,27.2,0,49.5,25.3,37.4,25.2,57.6
68.2,71.3,98.8,90,50,43.8,77.9,68.2,81.1,56.4,71.1,63.4,66.7,10.2,60.2,71.6,57.3,59.6,25.6,43.2,32.3,40,100,60.2,93.3,53.3,62.5,100,100,58.2,43.8,55.2,82.4,32,44,24.1,47.8,46.4,45.7,43,34.9,26.7,34.7,44.2,23.7,33,54.1,49.1,66.8,65.3,70,52.8,50.2,43.1,46.6,87.1,17.7,63.1,63.1,62.9,65.4,62.6,73.7,54.3,44.9,51.1,59.7,56.5,26.2,67.4
48.4,42.5,10.6,4,92,27.2,45.7,32.7,30.6,79,91.8,82.9,84.5,100,46.4,71.7,49.9,90.2,59.9,31.5,28.7,77,85.7,64.6,67.3,32.4,57.1,70.4,63.1,50.9,33.6,73.9,68.1,42.1,52.5,33.9,55.1,55.1,55.1,51.3,46.8,41.2,47.9,42.2,22.6,29.5,58.2,57.2,70.2,62.9,71.4,59.6,56,15.5,32.8,4,4,40.5,40.5,47,21.7,37.1,66.6,38.3,39.5,50,37.2,29.7,0,35.7
47,51.8,0.8,53.8,50,34.4,44.5,29.4,57,100,99.3,63.1,93.9,0,67,56.1,35.7,39.8,72.2,72.7,86.3,22.4,65.6,41.5,47.3,69.8,80.1,34,47.4,42.1,50.4,100,68.9,39.7,10.5,79.6,1.6,0,0,13.6,8.6,0,5.7,42.4,46.8,0,11.8,11.7,20.6,17.9,19.6,37.8,36.4,15,36.5,0,1,32.1,32.1,32.2,100,21.8,31.5,7,32.9,43.6,28.8,40.8,31.9,98.3
45.4,30.1,12,13.2,50,56.8,21.1,52,44.5,0,82.2,31.8,76.3,81.8,78.5,76.3,43.2,62,92.7,64.7,100,100,100,56.1,71,46.5,51.9,47.9,95,41,41.5,44.7,22.7,58.2,38.5,43.5,41.9,34.6,34.6,63.8,72.2,100,37.2,88.1,53.2,71.3,82.5,82.1,52.2,52.8,52.1,47.5,46.9,11.7,29.1,0.1,0.1,41.3,41.3,39.1,38,55.5,43.3,34.6,43.7,51.3,36.7,36.3,50.2,73.8
49.7,31.2,9.6,10.7,50,28.5,9,58.1,61.6,100,99.6,19.3,72.2,76.6,81.1,77.3,38.3,69.9,90.6,53.9,42.8,100,100,45.3,76.7,46.6,51.9,56.7,84.7,75.8,76.4,61.8,77.8,75.5,41.5,47.2,46.7,36.1,36.1,62.9,72.4,100,35.7,100,63.5,69.4,82.7,88.1,48.8,48.8,49.3,30.7,28.9,37.1,42.7,100,0.1,49.9,49.9,49.1,58.9,41.6,36.8,36.5,60,50.2,46.8,47,58.4,79.5
36.4,26,7,5.2,75.6,11,8.2,25.8,14.5,28.3,89.8,26.3,100,35.8,62.6,63.1,41.3,72.3,85.3,33.3,82.4,100,100,54.4,65.4,87.4,63.5,94.3,64.4,51.2,23.5,80.5,77.8,65,18.9,50.1,0,25.2,25.2,57,57,100,6.5,34.1,83.1,92.5,100,100,56,62,51.6,60.1,60.2,56,86.1,98.8,4.6,33.9,33.9,43.4,74.2,34.9,12.9,19.9,41.9,50,35.3,39.9,52.9,85.7
36.6,33.2,10.1,0,100,11,0,100,59.3,4.4,82.1,33.4,78.1,85.1,46.1,48.8,41.3,71.2,83.5,15.9,99.7,86,90.7,50.8,41.6,54.4,71.7,4.4,68.3,39.9,41.4,98,28.7,35.6,21.3,81.7,20.6,6.7,6.7,35.6,36.7,52.7,7.4,34.6,100,100,74.4,84.9,32.3,28.5,30.7,38.8,38.8,27.8,68.4,0,1,30.4,30.4,31.8,79.2,30.3,23.6,12.5,45.1,48.7,29.2,32.8,57.6,92.7
38.7,37.7,50.4,5.8,50,34.1,13.3,7.2,15.6,72.9,95.4,72.6,97.4,46.5,65.4,64.1,53.3,63.8,53.4,56.4,52.2,33,49.9,49.7,17.8,0,2.4,4.6,31.1,54.2,10.9,40.6,61.2,100,56.7,30.8,60.1,60.1,62.1,38.4,32.7,5.4,62,23.2,23,5.3,58.6,41.7,63.2,64.5,58.1,25,22.5,37.4,28.4,100,15,20,20,33.9,0.6,22.1,35.9,23,0,100,24,7.9,0,21
47.5,51.5,8.6,14.3,100,54.3,48.5,83.6,63.2,16.8,61.5,80,93,9.2,67.4,48.8,46.2,71.2,56,25.2,56.8,65.7,69.3,71.1,35.8,60.9,59.6,24.3,55.5,53.5,29.5,100,87.6,65.8,14.4,67.9,4.4,8.6,8.6,40.6,47.2,100,5,48.9,47.9,15.1,57.4,29.4,22.7,18.2,20.3,37.2,36.5,24.5,59.9,0.6,1,24.9,24.9,26.9,63.1,27.1,36.7,34.3,0,0,24.1,33.6,23.3,82.1
56,50.4,21.2,24.4,50,34.7,46.6,23.3,45.1,53.2,85.4,75.2,88,9.5,72.3,85.1,55.9,52.8,25.6,79.4,32.3,29.7,42.1,60.2,90,48.2,61.3,89,71.9,66.7,59.7,50.6,58.3,77.1,14.5,34.9,12.1,10.1,14.8,39.1,26.6,16.9,25.2,35.5,32.1,14.5,54,40.7,78.1,78.8,77.5,54.2,52.3,26.4,39.4,52.3,0.5,68.1,68.1,71.8,66.1,50.6,100,45.2,53.5,53.1,56.9,56.4,41.8,53.5
45.4,31.8,47.9,4.7,100,16.3,12.1,73.4,43,28.3,95.8,6.6,86,14.9,62.6,70.6,40,44,75.2,10.8,58.7,100,100,47.9,74.6,71.8,51.9,68.8,100,54.9,31.4,39.3,77.8,57.1,50.9,34.6,58,49.7,49.7,71.3,81.4,91.8,60.1,91.1,92.2,94,87.3,99.8,50.4,52.4,47.7,57.7,56.9,29.6,24.2,95,2.3,43.5,43.5,44.4,25.9,36.3,12.9,100,82.4,50,42.4,38.9,53.2,30.8
42.2,46.3,5.5,39.1,26.5,24.6,59.5,42.8,63.3,85.1,96.9,79.3,60.5,19.8,24.1,28.2,4.9,27.4,77.1,64.1,52.7,66.3,52.6,17.6,41.2,56.3,52.8,23.5,64.2,45.9,34.2,100,71.8,40.7,12.5,100,0,0,0,29.6,34.1,73.5,2.8,45.2,50.3,63.6,35.1,11.9,14.3,10.1,10.9,29,27.7,32.8,81.1,0,1,26.9,26.9,20.1,100,22.8,36.8,12.6,49.5,44.9,24.6,33.5,31.8,96.8
57.3,36.7,41.4,0,71.1,34.6,63.2,16.5,14.9,100,91.7,57.7,67.3,11,61,41.9,40.7,4.1,97.9,45,45.4,100,100,73.5,78.6,30,28.9,64.8,100,60.2,33.6,0,38.6,100,90.5,23.7,100,100,100,56.4,41.7,11.3,79.7,70.6,6.2,0,35.7,25,96.4,94.6,93.6,72.1,69.1,74.6,39.3,100,97.2,25.5,25.5,43.7,19.5,16.1,37.7,100,26.4,45.6,41.2,28.2,17.6,39.2
78.1,82,61.1,79.5,50,62.4,94,90.1,91.4,56.5,70.8,90.1,78.4,23.3,54.2,58.7,42.1,43.2,58.4,43.2,37.7,73.8,92,60.2,94.5,64.3,73.6,100,100,65.6,55.3,76.6,82.1,47.7,56.1,26.1,57.4,64.5,57.3,55,43.2,20.2,61.6,43.7,31,29.5,51.3,47.6,91.9,100,87.8,66.4,64.6,48.4,38.1,98.8,33.4,59.3,59.3,66,58.2,70.5,13.8,46.6,48.8,50.8,56.3,50.8,29,59.1
68.2,65.4,12,25.9,50,69.9,93.9,100,87.3,58.7,54.3,72.8,68.7,46,67.2,85.8,47.6,37.9,46.7,23,32.5,54.2,97.5,56.3,93,53.6,62.2,94.6,100,58.6,39.6,32,74,67.4,65.6,37.9,91.7,56.5,42.5,55.1,40.4,28,53.4,44.3,29.3,37.1,46.6,39.8,90.4,95.6,89.7,90,87.8,58.2,30,83.8,73.5,59.9,59.9,53.3,40.4,75.3,91.8,54,81.1,48.8,53.3,45.9,32.1,68.5
34.7,18.8,9.5,7.3,100,0,0.5,0.9,4.7,100,99.7,30,69.9,100,51.2,61.8,45.8,72.3,80.1,83,44.1,100,100,55,84.8,92.7,98.7,100,100,40.1,16.5,100,33.6,66.2,11.7,83,3.5,0,0,49.7,59.4,100,1,99.2,92.8,94.5,97.3,31.8,30.8,28.7,31.3,30,29.5,19.4,43.8,0,4.7,42,42,37.2,100,16.9,23.6,35.9,46.8,48.9,29.2,34.9,50,100
44.1,38.2,35,45.4,72.8,16.3,28.9,23.9,35.4,87.3,81.8,31.3,86,28.3,60.2,53.3,43.8,66.1,41.1,0,54,52.6,54.6,53,61.1,65.8,67.3,56.7,60.9,49,40.5,62.7,72.9,57.6,53,34,58,58,42.3,22.7,19.5,10.4,20.7,39.4,44.9,4.8,22.2,22.5,21.6,19.5,19.8,47.3,46,34.5,39.9,59.5,16.5,42.8,42.8,47.6,30,43.4,37.9,55,34.8,47.9,34.1,35.4,3.4,62.3
46.6,28.7,41.4,14.4,0,19.1,27.2,48.1,28.9,54,65.4,9,42.1,37.8,63.4,71.1,44.9,60.3,30.5,45,34.4,18.2,29.8,48.8,89,31.9,36.5,100,97.2,62.9,47.6,25.9,41.4,80.4,83.2,14.9,92.9,92.9,93,55.6,42.2,9.9,83.8,45.7,7.1,0,10,21.7,87.5,87.7,85.6,83.3,78.5,67.5,35.2,99.9,83.6,36,36,37.2,8.3,48.5,23.5,58.5,100,51.6,30,19.3,0,49.7
66.8,66.8,91.3,46.3,44.5,59.5,70.8,80.7,64.1,49,63.5,57.5,80.7,20.4,50.8,53.4,51.3,42.3,33,22.5,40.4,39.5,33.8,53.3,82.2,29.8,32.3,100,100,51.8,31.3,42.8,68.4,54.3,78.7,25.6,89.4,88.3,71,63.5,54.9,55.1,70.7,36.3,19.7,35.8,60.7,45.7,90.4,85.8,92,76.4,74.9,50.2,29.6,100,45.9,52.8,52.8,63.7,59.4,54.1,43.3,69,92.6,51.4,61.8,55.7,22.8,72.2
41.2,36.3,2.5,1.5,57.8,59.8,36.1,82.8,48.3,32.2,81,0,72.2,34.4,66.1,62,31,58.4,63.1,66,49.8,51.5,65.8,53.5,47.7,42,42.2,41.7,63.4,64.2,55.1,61.8,55,68.5,13,87.3,4,1.1,1.1,29.8,19.5,8.8,13,48.9,44.8,22.1,41.8,25.5,50.5,49.4,48.3,63.8,62.7,32.6,68.2,8.9,8.9,36.6,36.6,38.1,79.2,32.2,36.7,43.7,53.3,46,38.3,38.4,22.5,90.4
36.4,28.8,1.9,26.5,50,11,22.5,6.6,16.9,0,58.1,78.4,78.1,19.2,54.5,43.7,32.7,58.4,96.6,53.9,100,100,100,31.7,62.9,56.6,63.5,37.6,19.1,40.2,17,100,83.2,35.7,11.2,75.7,4.6,0,0,32.6,34.1,53.6,8,37.1,46.9,69.9,59.1,17.4,33,27.4,30.7,13.1,11.8,44.5,84.8,44.8,4,35.4,35.4,30.4,85.3,40.7,38.4,42.5,34.8,0,32.6,41.4,14.3,79.2
56.2,64.4,57.9,43.4,100,100,57,34.1,32.6,76.1,98.7,97.7,86.5,74.5,78.7,84.9,47.9,93.9,44.7,38.6,38.9,38.8,41.1,56.4,14.5,97,85.4,20.8,7.7,58.1,41.7,38,20.5,79.9,44.2,46.6,49.5,39.6,39.6,57.8,67.6,100,32.6,100,32.7,85.6,77.9,25.5,41.4,42.6,38.5,37.7,38.2,13.7,31.2,2.4,1.9,28.5,28.5,19.2,0,22.9,100,28.2,44.8,49.9,14.5,11.4,33.8,50.3
66.8,59.6,45.1,45.8,41.9,40.2,68.3,40.3,64.9,97,99.4,97.5,64.9,63.6,56.7,44.3,32.5,53.5,56.3,82.3,73.9,74.5,41.3,66.6,90.2,42.2,29.2,100,100,74.4,44.4,58.6,78.3,100,84.5,35.5,100,87,79.8,83.2,78.2,73,95.4,55.6,20.4,68.9,64.2,74.5,95.9,94.3,96.4,100,98,72,30.6,100,99.4,64.3,64.3,64.2,69.4,72.5,56.2,53.2,60,49.5,59.1,52.3,26.1,77.1
67.8,56.7,45.5,44.4,52.1,92.9,32.8,24.8,18.3,87.5,93.5,89.7,76.9,54,69.8,83.5,46.2,35.2,56.3,41.2,73.3,65.9,60.6,53.6,93.7,58.8,69.9,100,100,62.4,45.1,27.2,58.6,84.9,83.4,10.1,93.9,93.9,93.9,72.3,63.3,37.2,97.5,43.7,20.3,62.1,50.1,48.9,96.9,96.5,96.5,90.1,86.7,65.8,16.1,99,99,56.5,56.5,55.8,53.4,57.5,39.1,57.1,100,50.7,53.5,47.2,23.2,78.8
53,40.5,2.2,10.5,79.8,24,37.4,65.4,79.1,95.1,98.3,47.7,56.7,57.7,84.8,80.6,50.8,64.1,47.5,22,45.3,50.9,72.7,41,89.5,30.2,44.8,100,100,58.2,38.9,14.2,30,90.8,38.2,31.5,69.9,16.2,16.2,46.8,36,19,56.6,35.2,12.8,10.3,34.9,35.2,68.5,68.3,68,70.6,69.2,75.4,40.8,99.2,98.1,49,49,48.7,23.8,40.3,100,48.2,63.2,51,53.4,42,12.3,44.4
46,54.1,0.8,12.5,50,29.5,34.2,53,23.1,71.3,88.8,96.4,93.6,60.4,79.5,88.3,53.3,54.2,87.6,72.7,82.2,56.8,75,53.5,29.5,4.3,52.2,14.5,20.8,64.8,71.6,74,82.6,48.2,19.6,64.3,23.9,5.2,5.2,21.6,18.2,21.4,7.2,15.8,34.5,34,53.6,33.2,28.6,23.5,27.6,32.9,29.3,22.8,53.8,0,3.1,34.5,34.5,47.9,87.3,0,100,0,18.4,26.2,45.9,53.1,34.2,70.4
53.2,61.5,67.5,37.8,100,100,45.5,96.4,76,56.1,79.4,5.9,84.2,25.3,46,42.4,0,71.3,82.2,88.6,70.8,86.1,87.2,43.6,38.3,86.9,93.4,28.5,72.4,48.6,39.7,100,99.7,22.6,21.3,100,0.9,22.7,0,24.5,24.4,23.8,5.5,62.9,51.6,69.8,57.9,20.4,16.6,13.5,14.8,45.4,44.1,24.1,59.2,0,1,25.6,25.6,19.1,91.8,19.4,36.8,25.7,26.4,43.5,19.6,33.2,14.2,86.3
49.5,46.6,57.8,17.2,50,27,69.9,60.6,69.5,63.9,94.2,30.5,32.7,16.3,66.6,41.4,51.9,60.1,47.2,58.9,79,32.7,34.7,49,61.3,66.3,58.4,52.6,88.9,59.8,46.8,64.9,58.1,76.6,21.7,31.3,23.4,18.1,18.1,33.9,24.2,5.7,30.1,38.7,32.8,18.7,28.1,10.5,49.7,56.2,42.4,77.8,75.2,32.6,35.2,41.8,25.3,35,35,39.5,29.5,27.1,36,9.6,31.8,46.2,31.7,30.9,3,62.3
44.1,42,59.7,6.5,50,14.8,27.3,42.8,52.6,80.2,93.1,58.1,78.4,26.9,63.3,65.6,49.5,71,95.5,100,99.3,66.3,100,45.3,50.3,78.5,94.2,36,100,50.5,26.1,54.3,95,58.9,20.2,71.5,18.5,8.7,8.7,36.2,38.9,65.1,8.3,50.8,43.3,86.2,76.3,15.4,30.4,27.1,29.6,26.1,26.2,39.7,94.3,0,5,37.9,37.9,30.4,83,0,36.8,31.7,44.8,46.2,0,3.5,33,100
46.2,55.4,8.6,0,100,45.7,62.4,82.6,85.4,30,26.3,58.9,88.3,11.6,50.6,49.9,20.7,59.6,56.3,51.2,86.3,22.4,65.6,45,32.9,75.3,78,0,38.1,41,28.7,100,82,26.4,12.5,100,0,0,0,23,24.5,50.8,4,34.6,54.6,61.5,42.4,25.2,13.7,10.4,11.1,31.7,30.5,26.4,64.1,1.2,1.2,35.6,35.6,35.8,100,19,36.8,14.3,8.3,43.3,22.1,33.2,30.5,88.1
37.6,15.4,0.2,3.7,94.9,0,2.9,33.1,0.5,100,98.1,15,89.8,13.3,71.3,77.3,45.8,72.3,95.2,94.9,100,100,100,28.3,96.5,71.4,92.8,100,100,42,23.8,100,0,66.6,35.1,51.9,39.6,27.6,27.6,57.2,59.3,100,10.9,40.1,75.9,98.2,100,100,48.4,49,48.4,74.8,73.6,32,60.5,28.4,5.3,53.4,53.4,54,76.2,46.3,12.9,54,60.1,48.9,45.4,50.4,60.7,65.6
48.3,48.1,0,3.4,50,100,15.4,97.3,70.5,84.9,93.4,60.6,46.8,49.4,70.9,56.3,34.1,66.3,57.3,40.9,28.3,70.6,76.6,48.7,74.8,48.9,48,43.6,100,13.5,4,23.4,22.7,27.9,12.8,9.8,25.2,4.2,4.2,75.6,85.5,100,77.9,89.6,33.6,75,78.6,48.5,58.5,59.5,55.8,66.6,66.4,11.8,27.6,2.4,0.7,36,36,38.3,4.8,25.9,36.7,49.1,85.3,51.2,8.9,0,16.3,36.8
46.6,38.3,15.7,25.7,100,10.7,15.4,21.1,59.6,61.8,95.8,83.6,75.7,18.7,65.4,71.7,53.3,74.5,49.5,42.5,44.5,42.5,56.7,54.9,69.3,17.4,28,53.7,100,31.5,22.6,65.4,55,47.5,74.5,58.8,80.7,73.7,73.7,47,45.8,43.5,53.3,34.6,30.9,23.8,52.2,47.6,60,60.1,58.4,32.9,31.6,30.8,50.2,41.8,5.9,40.3,40.3,38.2,34.2,40.2,36.8,42.7,47.2,41.2,34.4,35.9,20,67.4
40.1,21.1,2.1,21,57.3,5.4,0.8,0.6,1,46.2,18.7,68.7,77.5,27.1,65.4,70.7,53.3,63.8,40.1,48.6,54.9,37.2,41.5,53.1,84.2,32.7,42.5,86.4,67.6,61.2,50.2,63.7,57.9,63.9,64.9,38.7,69.9,69.9,60.7,38.4,31.7,16.9,45.1,19.9,14.3,32.5,57.5,41,58.5,58,54.9,51.2,51.7,28,32.7,56.4,9.2,26.5,26.5,35.2,16.5,0,0,5.2,26,51.5,27,23.2,1,44.2
36.6,39.4,72.8,12.5,50,2.3,17.9,10.7,24.1,64.1,65.6,92.2,92.4,27.2,66,68.5,58.2,54.2,74.2,55.5,52.2,79.5,81,49.7,16.6,30.7,37.5,33.4,25.4,49.9,31.8,69.7,86.6,59.6,39.2,43.2,44.7,34.1,34.1,52.8,53.6,48.5,55.4,48.1,33.4,57,62.8,48.3,54.8,46.6,52.5,42.8,42.8,48.7,79.8,75.3,4.3,20.1,20.1,34.5,5.1,42.9,36.8,19.9,0,0,4.8,14.9,12.4,32.3
44.9,54.6,5.5,37.8,50,39.1,69.5,59,77.5,17.6,62.2,24.9,84.8,0,31.3,44.8,0,43.5,77.1,64.1,70.8,66.3,73.9,43.6,44.7,83.4,83.2,9.3,46.6,47.8,36.4,100,97.7,31.6,15,96,8.1,0,0,17.5,13.9,4.5,6.1,48.9,60,22.8,27.1,3.5,19.5,17.4,19.2,39.3,38.3,24.3,57.3,2.6,2.2,22.8,22.8,13.4,100,0,36.8,0,13,46.6,12.2,21.9,17.1,92.9
49.5,44.8,81.5,34.2,55,22.4,8,43.8,54.4,42.5,0,79.3,72.8,0,58.4,58.5,70.4,32.2,33.6,79.4,37.4,29.7,42.1,60.7,67.5,54,56.2,70.7,49.6,69.8,56.1,100,63,56.6,40.5,19.5,55.9,34.2,34.2,44.4,34.9,25.1,31,40.8,29.1,30.4,59.9,63.3,74.4,70,75.9,60.9,58.7,22.6,39.7,30.2,1.8,46.3,46.3,52.5,50,53.8,0,28.1,55.1,50,41.3,43.1,8.1,84.9
53,48.9,90.2,20.6,100,42.5,23.1,21.8,47.8,88,99.3,55.8,87.4,25.9,64.5,68.5,49.9,73.5,79.4,45,89.8,100,77.5,44.7,46.2,0,0,12.5,100,34.5,11.7,33.7,31.5,62.1,89.8,36.7,93.9,100,100,49,45.5,16.9,94.5,11.9,2.8,16.3,42.8,14.9,69.3,76,62.4,37.6,39.5,29.5,23,53,24.2,21.5,21.5,17.2,0,22.2,36.1,6.9,60.1,100,7.2,0,3.4,14.4
72.2,70,78.1,44.5,67.5,60,56.9,87.7,83.2,72,24.5,91.3,88.9,26.9,46,42.3,63.6,16.1,43.2,20.9,49.2,29.2,37.1,57.5,92.1,38.9,62.2,100,100,78.6,57.4,50.1,83.6,81.6,78.3,25.7,85.8,85.8,85.8,75.3,66.9,43.1,95.1,59.7,5.6,38.8,57.7,68.8,99,97.7,94.7,94.1,91.9,61.9,28.4,97.6,77.5,66.6,66.6,65,63.1,100,46.8,68.6,100,46.9,62.4,54.1,18.2,91.6
53.5,41.3,58.7,46.1,77.9,14.6,27,37.5,36.9,71.5,89.4,47.7,61.1,31.1,53.6,50.3,43.9,66.5,42.5,38.4,37,36,41,51.5,89,28.6,35.5,100,100,78.5,68,62.8,56.9,77.6,63.9,5.6,78.2,67.7,67.7,69.7,62.9,56.3,88.9,27.1,1.9,29.1,53.5,38.5,94.1,84.6,98.1,79.1,78.3,45.3,15.6,100,47.7,51.6,51.6,60.8,37.4,60.7,38,53.8,100,50.5,52.6,35.3,0,50.1
39.6,29.3,15.1,22.1,72.2,6.3,17.4,10.1,15.9,42.6,89.3,70.4,77.5,0,65.4,62.4,42.5,72.2,44.1,61.2,55.1,16.8,20.6,47.5,68.2,82.4,96.7,16.4,41,72,59.1,36.1,73.4,82.3,34.7,59,37.7,26.3,26.3,56.3,51.8,48.4,49.3,57.8,20.5,68,79.3,33.9,72.7,71.4,67.4,66.4,64.8,30.9,36.3,66.2,7.8,38.9,38.9,34.8,34.7,44.7,94.8,39.9,0,46.3,36,31.2,21.8,38.4
47.4,37.3,15.7,12.5,50,10.8,19.8,13.4,17.2,75.3,75.3,91.1,73.7,21.2,72.3,85.1,55.9,54.2,92.5,48.6,54.9,42.5,56.7,53.1,61.9,40.3,60.8,73.6,68,64.9,59.6,42.4,70.6,72,59.4,54.2,39,93.5,23.5,35.2,25.9,25.8,15.2,46.6,33.8,28.3,56,38.2,65.8,57.7,66.6,41.2,39.7,28.7,68.3,0,3.5,45.8,45.8,59.2,63.5,32.6,0,4.1,53.4,54,32.3,45.2,13,57.8
30.9,17.7,0.6,1.8,91.6,1.7,0.6,13.7,2.9,76.1,99.1,0.3,98.5,100,77.4,86.9,48.4,88.7,78.9,73.2,31.1,100,100,41.2,36.1,76,78.4,42.1,1,40.6,11.8,100,30.4,67.2,19.1,77.2,15.7,7.1,7.1,48.7,56.9,100,1.7,64.5,100,76.8,96.6,58.3,30.9,29.1,31,36.1,35.4,21.9,48.1,4.4,4.4,31.9,31.9,9.3,31.3,25.2,36.7,23.8,22.3,49.3,16.3,31.1,48.4,95.1
60.8,63.2,10.3,14.9,50,100,88.5,96.7,75.5,69.9,91.6,43.1,79.2,57.8,79.2,70.8,37.6,87.8,84.9,36.8,75,100,99.7,79.3,53.7,100,91,44.9,27.8,47.3,25.9,40,41.2,83.1,32,29.1,33,32,32,49.5,52.4,58.2,50.9,63.3,24.4,58.4,62.6,11.5,48.7,49.7,48.3,44.7,44.7,14.6,35.3,0,1.2,41.4,41.4,37.8,35,50.4,40.7,44.8,43.3,49.3,32.6,29.2,6.4,67.2
32.3,26.9,27.5,7,61.1,25.4,41.2,24.8,44.3,30,82.7,14.5,0,32.1,47.4,22.4,34.3,53.9,31.4,100,36.8,15.4,18,35.3,33.2,46,52.8,36.5,44.6,73.7,58.9,29.9,58.1,98.7,16.1,58.7,10,10,10,24.9,13.6,1.8,10.8,27.3,27,32.8,21,17.2,51.4,47.9,51.7,44,43.1,46.1,74.2,27.4,27.4,25.2,25.2,23.9,6.3,36.4,36.7,33.2,35.4,45.5,24.2,28.2,4.8,36.5
65.1,84.8,0.8,22.7,50,99.6,90.7,99.2,79.4,54,92.1,59.6,92.4,55.9,50.4,47.4,13.5,75.1,72.2,46.7,85.2,45,75,42.4,54.7,72.1,86.8,28.2,40.6,46,32.8,100,74.5,38.1,17.3,94.9,13.8,0.5,0.5,17.6,16.3,15.3,4.3,31.2,56.7,42,48.2,11.2,16.4,12.6,14,27.4,26.2,25.2,61.9,0,1,30.3,30.3,15.6,57.5,37.7,76.9,41.9,18.9,47.7,30,41.2,21.9,84
56.6,68.4,67.5,20,50,64.7,67.6,94,95.4,41.8,79.4,32.7,78.7,19.7,41.4,36.1,20.4,63.5,56.3,53.9,53.2,28.2,52.8,52.5,41,76,90.9,37.7,50.1,27.3,27.5,65.9,83.5,4.1,61,76.5,75.9,61.2,0,22,22,27.4,3.4,38.7,65.1,53.7,49.6,16.8,17.6,14.7,15.2,28,26.8,31.8,74.9,3.3,3,37.1,37.1,45.3,100,34.7,36.8,35.1,34,35.7,26,42.3,23.3,96.9
